last_name,first_name,player_id,year,pa,bip,ba,est_ba,est_ba_minus_ba_diff,slg,est_slg,est_slg_minus_slg_diff,woba,est_woba,est_woba_minus_woba_diff
Semien, Marcus,543760,2019,747,556,0.285,0.275,0.01,0.522,0.495,0.027,0.373,0.362,0.011
Merrifield, Whit,593160,2019,735,559,0.302,0.288,0.014,0.463,0.435,0.028,0.34,0.325,0.015
Acuna Jr., Ronald,660670,2019,715,439,0.28,0.279,0.001,0.518,0.572,-0.054,0.369,0.386,-0.017
Villar, Jonathan,542340,2019,714,472,0.274,0.249,0.025,0.453,0.412,0.041,0.335,0.313,0.022
Betts, Mookie,605141,2019,706,505,0.295,0.311,-0.016,0.524,0.573,-0.049,0.38,0.408,-0.028
Hoskins, Rhys,656555,2019,705,403,0.226,0.221,0.005,0.454,0.426,0.028,0.347,0.342,0.005
Polanco, Jorge,593871,2019,704,524,0.295,0.279,0.016,0.485,0.469,0.016,0.352,0.344,0.008
Devers, Rafael,646240,2019,702,531,0.311,0.295,0.016,0.555,0.519,0.036,0.377,0.36,0.017
Albies, Ozzie,645277,2019,702,532,0.295,0.291,0.004,0.5,0.49,0.01,0.354,0.351,0.003
Escobar, Eduardo,500871,2019,699,516,0.269,0.258,0.011,0.511,0.468,0.043,0.341,0.327,0.014
Bogaerts, Xander,593428,2019,698,498,0.309,0.28,0.029,0.555,0.484,0.071,0.39,0.358,0.032
Alonso, Pete,624413,2019,693,417,0.26,0.257,0.003,0.583,0.542,0.041,0.384,0.374,0.01
Abreu, Jose,547989,2019,693,492,0.284,0.283,0.001,0.503,0.52,-0.017,0.344,0.359,-0.015
Freeman, Freddie,518692,2019,692,472,0.295,0.292,0.003,0.549,0.571,-0.022,0.387,0.394,-0.007
Bregman, Alex,608324,2019,690,479,0.296,0.272,0.024,0.592,0.471,0.121,0.418,0.378,0.04
Santana, Carlos,467793,2019,686,467,0.281,0.268,0.013,0.515,0.485,0.03,0.38,0.367,0.013
Harper, Bryce,547180,2019,682,399,0.26,0.279,-0.019,0.51,0.548,-0.038,0.366,0.387,-0.021
Goldschmidt, Paul,502671,2019,682,434,0.26,0.262,-0.002,0.476,0.513,-0.037,0.346,0.361,-0.015
Mancini, Trey,641820,2019,679,464,0.291,0.283,0.008,0.535,0.511,0.024,0.373,0.364,0.009
Soler, Jorge,624585,2019,679,415,0.265,0.277,-0.012,0.569,0.593,-0.024,0.378,0.392,-0.014
Castro, Starlin,516770,2019,676,534,0.27,0.268,0.002,0.436,0.432,0.004,0.307,0.31,-0.003
Chapman, Matt,656305,2019,670,439,0.249,0.255,-0.006,0.506,0.505,0.001,0.354,0.36,-0.006
Hosmer, Eric,543333,2019,667,461,0.265,0.259,0.006,0.425,0.418,0.007,0.309,0.308,0.001
Hernandez, Cesar,514917,2019,667,516,0.279,0.273,0.006,0.408,0.378,0.03,0.315,0.303,0.012
Castellanos, Nicholas,592206,2019,664,475,0.289,0.283,0.006,0.525,0.547,-0.022,0.358,0.364,-0.006
DeJong, Paul,657557,2019,664,440,0.233,0.237,-0.004,0.444,0.439,0.005,0.322,0.325,-0.003
Suarez, Eugenio,553993,2019,662,392,0.271,0.248,0.023,0.572,0.503,0.069,0.381,0.355,0.026
Arenado, Nolan,571448,2019,662,503,0.315,0.272,0.043,0.583,0.484,0.099,0.392,0.344,0.048
Machado, Manny,592518,2019,661,462,0.256,0.266,-0.01,0.462,0.466,-0.004,0.335,0.342,-0.007
Bellinger, Cody,641355,2019,661,455,0.304,0.323,-0.019,0.628,0.638,-0.01,0.414,0.429,-0.015
Choo, Shin-Soo,425783,2019,660,399,0.265,0.26,0.005,0.455,0.469,-0.014,0.353,0.356,-0.003
Donaldson, Josh,518626,2019,659,396,0.259,0.269,-0.01,0.521,0.536,-0.015,0.377,0.387,-0.01
Soto, Juan,665742,2019,659,416,0.282,0.285,-0.003,0.548,0.576,-0.028,0.394,0.407,-0.013
Martinez, J.D.,502110,2019,657,442,0.304,0.309,-0.005,0.557,0.579,-0.022,0.386,0.4,-0.014
Story, Trevor,596115,2019,656,417,0.294,0.264,0.03,0.554,0.463,0.091,0.38,0.339,0.041
Eaton, Adam,594809,2019,656,472,0.279,0.277,0.002,0.428,0.423,0.005,0.342,0.34,0.002
LeMahieu, DJ,518934,2019,655,517,0.327,0.322,0.005,0.518,0.529,-0.011,0.375,0.379,-0.004
Rosario, Amed,642708,2019,655,497,0.287,0.291,-0.004,0.432,0.423,0.009,0.318,0.32,-0.002
Pham, Tommy,502054,2019,654,445,0.273,0.277,-0.004,0.45,0.462,-0.012,0.349,0.357,-0.008
Lindor, Francisco,596019,2019,654,507,0.284,0.276,0.008,0.518,0.462,0.056,0.349,0.33,0.019
Fletcher, David,664058,2019,653,534,0.29,0.302,-0.012,0.384,0.38,0.004,0.318,0.323,-0.005
Andrus, Elvis,462101,2019,648,514,0.275,0.271,0.004,0.393,0.398,-0.005,0.3,0.307,-0.007
Conforto, Michael,624424,2019,648,405,0.257,0.262,-0.005,0.494,0.504,-0.01,0.358,0.367,-0.009
Rendon, Anthony,543685,2019,646,468,0.319,0.319,0,0.598,0.599,-0.001,0.413,0.418,-0.005
Pillar, Kevin,607680,2019,645,529,0.259,0.263,-0.004,0.432,0.407,0.025,0.298,0.295,0.003
Brantley, Michael,488726,2019,637,513,0.311,0.303,0.008,0.503,0.49,0.013,0.367,0.362,0.005
Bryant, Kris,592178,2019,634,400,0.282,0.246,0.036,0.521,0.46,0.061,0.38,0.347,0.033
Blackmon, Charlie,453568,2019,634,481,0.314,0.294,0.02,0.576,0.52,0.056,0.387,0.362,0.025
Gordon, Alex,460086,2019,633,463,0.266,0.261,0.005,0.396,0.43,-0.034,0.319,0.332,-0.013
Calhoun, Kole,594777,2019,632,392,0.232,0.247,-0.015,0.467,0.477,-0.01,0.33,0.34,-0.01
Grandal, Yasmani,518735,2019,632,379,0.246,0.24,0.006,0.468,0.474,-0.006,0.361,0.363,-0.002
Marte, Ketel,606466,2019,628,485,0.329,0.299,0.03,0.592,0.521,0.071,0.405,0.37,0.035
Grichuk, Randal,545341,2019,628,425,0.232,0.237,-0.005,0.457,0.426,0.031,0.307,0.3,0.007
Ahmed, Nick,605113,2019,625,456,0.254,0.257,-0.003,0.437,0.422,0.015,0.315,0.318,-0.003
Cain, Lorenzo,456715,2019,623,460,0.26,0.29,-0.03,0.372,0.412,-0.04,0.302,0.33,-0.028
Segura, Jean,516416,2019,618,507,0.28,0.278,0.002,0.42,0.406,0.014,0.315,0.314,0.001
Garcia, Leury,544725,2019,618,452,0.279,0.247,0.032,0.378,0.352,0.026,0.295,0.274,0.021
Robles, Victor,645302,2019,617,417,0.255,0.233,0.022,0.419,0.37,0.049,0.317,0.292,0.025
Belt, Brandon,474832,2019,616,403,0.234,0.245,-0.011,0.403,0.457,-0.054,0.319,0.346,-0.027
Benintendi, Andrew,643217,2019,615,409,0.266,0.267,-0.001,0.431,0.461,-0.03,0.33,0.34,-0.01
Rizzo, Anthony,519203,2019,613,429,0.293,0.3,-0.007,0.52,0.497,0.023,0.39,0.39,0
Bell, Josh,605137,2019,613,416,0.277,0.283,-0.006,0.569,0.556,0.013,0.379,0.381,-0.002
Gurriel, Yuli,493329,2019,612,505,0.298,0.284,0.014,0.541,0.422,0.119,0.364,0.322,0.042
Puig, Yasiel,624577,2019,611,426,0.267,0.266,0.001,0.458,0.464,-0.006,0.33,0.334,-0.004
Schwarber, Kyle,656941,2019,610,379,0.25,0.267,-0.017,0.531,0.553,-0.022,0.357,0.375,-0.018
Frazier, Adam,624428,2019,608,484,0.278,0.275,0.003,0.417,0.399,0.018,0.32,0.315,0.005
Votto, Joey,458015,2019,608,405,0.261,0.256,0.005,0.411,0.442,-0.031,0.332,0.343,-0.011
Torres, Gleyber,650402,2019,604,424,0.278,0.262,0.016,0.535,0.497,0.038,0.359,0.341,0.018
Walker, Christian,572233,2019,603,375,0.259,0.263,-0.004,0.476,0.516,-0.04,0.346,0.362,-0.016
Trout, Mike,545361,2019,600,354,0.291,0.311,-0.02,0.645,0.669,-0.024,0.436,0.455,-0.019
Nunez, Renato,600524,2019,599,402,0.244,0.252,-0.008,0.46,0.469,-0.009,0.323,0.331,-0.008
Kepler, Max,596146,2019,596,429,0.252,0.262,-0.01,0.519,0.458,0.061,0.355,0.342,0.013
Realmuto, J.T.,592663,2019,593,423,0.275,0.278,-0.003,0.493,0.474,0.019,0.34,0.342,-0.002
Meadows, Austin,640457,2019,591,399,0.291,0.284,0.007,0.558,0.547,0.011,0.38,0.372,0.008
Rosario, Eddie,592696,2019,590,482,0.276,0.269,0.007,0.5,0.501,-0.001,0.329,0.33,-0.001
Galvis, Freddy,520471,2019,589,415,0.26,0.237,0.023,0.438,0.386,0.052,0.307,0.279,0.028
Heyward, Jason,518792,2019,589,406,0.251,0.269,-0.018,0.429,0.416,0.013,0.328,0.333,-0.005
Muncy, Max,571970,2019,589,342,0.251,0.269,-0.018,0.515,0.522,-0.007,0.373,0.385,-0.012
Marte, Starling,516782,2019,586,451,0.295,0.304,-0.009,0.503,0.511,-0.008,0.353,0.361,-0.008
Dozier, Hunter,641531,2019,586,380,0.279,0.261,0.018,0.522,0.471,0.051,0.36,0.337,0.023
Adames, Willy,642715,2019,584,382,0.254,0.249,0.005,0.418,0.433,-0.015,0.313,0.315,-0.002
Moustakas, Mike,519058,2019,584,427,0.254,0.263,-0.009,0.516,0.505,0.011,0.348,0.349,-0.001
Odor, Rougned,596059,2019,581,346,0.205,0.229,-0.024,0.439,0.468,-0.029,0.302,0.322,-0.02
Yelich, Christian,592885,2019,580,374,0.329,0.313,0.016,0.671,0.622,0.049,0.442,0.42,0.022
Fowler, Dexter,451594,2019,574,350,0.238,0.251,-0.013,0.409,0.421,-0.012,0.326,0.338,-0.012
Turner, Trea,607208,2019,569,410,0.298,0.281,0.017,0.497,0.453,0.044,0.356,0.336,0.02
Bradley Jr., Jackie,598265,2019,567,344,0.225,0.242,-0.017,0.421,0.435,-0.014,0.314,0.327,-0.013
McNeil, Jeff,643446,2019,567,436,0.318,0.29,0.028,0.531,0.472,0.059,0.385,0.355,0.03
Smith, Mallex,605480,2019,566,372,0.227,0.219,0.008,0.335,0.297,0.038,0.278,0.265,0.013
Baez, Javier,595879,2019,561,377,0.281,0.27,0.011,0.531,0.503,0.028,0.347,0.334,0.013
Crawford, Brandon,543063,2019,560,387,0.228,0.241,-0.013,0.35,0.4,-0.05,0.281,0.306,-0.025
Moncada, Yoan,660162,2019,559,361,0.315,0.291,0.024,0.548,0.524,0.024,0.38,0.362,0.018
Vogelbach, Daniel,596129,2019,558,315,0.208,0.228,-0.02,0.439,0.445,-0.006,0.333,0.346,-0.013
Springer, George,543807,2019,556,370,0.292,0.287,0.005,0.591,0.578,0.013,0.401,0.398,0.003
Sanchez, Yolmer,570560,2019,555,389,0.252,0.237,0.015,0.321,0.32,0.001,0.281,0.276,0.005
Gardner, Brett,458731,2019,550,386,0.251,0.242,0.009,0.503,0.372,0.131,0.344,0.301,0.043
Reddick, Josh,502210,2019,550,445,0.275,0.277,-0.002,0.409,0.397,0.012,0.308,0.313,-0.005
Alberto, Hanser,593643,2019,550,480,0.305,0.29,0.015,0.422,0.397,0.025,0.318,0.303,0.015
Ozuna, Marcell,542303,2019,549,372,0.241,0.288,-0.047,0.472,0.548,-0.076,0.336,0.382,-0.046
Wong, Kolten,543939,2019,549,406,0.285,0.259,0.026,0.423,0.368,0.055,0.334,0.308,0.026
Cabrera, Miguel,408234,2019,549,390,0.282,0.273,0.009,0.398,0.443,-0.045,0.318,0.332,-0.014
Turner, Justin,457759,2019,549,396,0.29,0.288,0.002,0.509,0.517,-0.008,0.37,0.378,-0.008
Reyes, Franmil,614177,2019,548,345,0.249,0.264,-0.015,0.512,0.539,-0.027,0.338,0.36,-0.022
Altuve, Jose,514888,2019,548,422,0.298,0.282,0.016,0.55,0.492,0.058,0.374,0.35,0.024
Olson, Matt,621566,2019,547,346,0.267,0.276,-0.009,0.545,0.576,-0.031,0.368,0.386,-0.018
Arcia, Orlando,606115,2019,546,393,0.223,0.232,-0.009,0.35,0.367,-0.017,0.269,0.284,-0.015
Reynolds, Bryan,668804,2019,546,373,0.314,0.296,0.018,0.503,0.476,0.027,0.371,0.357,0.014
Pujols, Albert,405395,2019,545,431,0.244,0.253,-0.009,0.43,0.433,-0.003,0.308,0.319,-0.011
Swanson, Dansby,621020,2019,545,365,0.251,0.271,-0.02,0.422,0.48,-0.058,0.317,0.347,-0.03
Ramirez, Jose,608070,2019,542,414,0.255,0.274,-0.019,0.479,0.465,0.014,0.335,0.342,-0.007
Seager, Corey,608369,2019,541,395,0.272,0.261,0.011,0.483,0.464,0.019,0.34,0.332,0.008
McMahon, Ryan,641857,2019,539,322,0.25,0.245,0.005,0.45,0.429,0.021,0.33,0.322,0.008
Davis, Khris,501981,2019,533,337,0.22,0.233,-0.013,0.387,0.442,-0.055,0.289,0.318,-0.029
Newman, Kevin,621028,2019,531,434,0.308,0.291,0.017,0.446,0.389,0.057,0.34,0.312,0.028
Garcia, Avisail,541645,2019,530,367,0.282,0.275,0.007,0.464,0.494,-0.03,0.334,0.342,-0.008
Iglesias, Jose,578428,2019,530,437,0.288,0.272,0.016,0.407,0.369,0.038,0.306,0.289,0.017
Jones, Adam,430945,2019,528,387,0.26,0.257,0.003,0.414,0.429,-0.015,0.308,0.314,-0.006
Rojas, Miguel,500743,2019,526,427,0.284,0.275,0.009,0.379,0.373,0.006,0.305,0.303,0.002
Ramos, Wilson,467092,2019,524,407,0.288,0.263,0.025,0.416,0.402,0.014,0.327,0.311,0.016
Vazquez, Christian,543877,2019,521,387,0.276,0.254,0.022,0.477,0.447,0.03,0.331,0.316,0.015
Cruz, Nelson,443558,2019,521,326,0.311,0.295,0.016,0.639,0.643,-0.004,0.417,0.418,-0.001
Anderson, Brian,605119,2019,520,348,0.261,0.259,0.002,0.468,0.461,0.007,0.342,0.343,-0.001
Anderson, Tim,641313,2019,518,391,0.335,0.294,0.041,0.508,0.461,0.047,0.363,0.328,0.035
Profar, Jurickson,595777,2019,518,387,0.218,0.251,-0.033,0.41,0.426,-0.016,0.301,0.323,-0.022
Pederson, Joc,592626,2019,514,341,0.249,0.254,-0.005,0.538,0.477,0.061,0.362,0.347,0.015
Guerrero Jr., Vladimir,665489,2019,514,375,0.272,0.263,0.009,0.433,0.437,-0.004,0.329,0.33,-0.001
Cabrera, Asdrubal,452678,2019,514,351,0.26,0.241,0.019,0.441,0.413,0.028,0.331,0.318,0.013
Kipnis, Jason,543401,2019,511,381,0.245,0.261,-0.016,0.41,0.418,-0.008,0.301,0.316,-0.015
Santana, Danny,542454,2019,511,328,0.283,0.275,0.008,0.534,0.496,0.038,0.352,0.338,0.014
Voit, Luke,572228,2019,510,288,0.263,0.249,0.014,0.464,0.494,-0.03,0.36,0.365,-0.005
Longoria, Evan,446334,2019,508,346,0.254,0.274,-0.02,0.437,0.498,-0.061,0.322,0.352,-0.03
Braun, Ryan,460075,2019,508,357,0.285,0.273,0.012,0.505,0.479,0.026,0.354,0.342,0.012
Santana, Domingo,570267,2019,507,289,0.253,0.257,-0.004,0.441,0.492,-0.051,0.326,0.347,-0.021
Jimenez, Eloy,650391,2019,504,336,0.267,0.268,-0.001,0.513,0.521,-0.008,0.343,0.349,-0.006
Moran, Colin,592567,2019,503,353,0.277,0.262,0.015,0.429,0.442,-0.013,0.315,0.316,-0.001
Kingery, Scott,664068,2019,500,314,0.258,0.247,0.011,0.474,0.435,0.039,0.329,0.314,0.015
Smoak, Justin,475253,2019,500,309,0.208,0.25,-0.042,0.406,0.495,-0.089,0.323,0.366,-0.043
Cron, C.J.,543068,2019,499,353,0.253,0.278,-0.025,0.469,0.55,-0.081,0.325,0.366,-0.041
Frazier, Todd,453943,2019,499,341,0.251,0.24,0.011,0.443,0.413,0.03,0.328,0.315,0.013
Canha, Mark,592192,2019,497,305,0.273,0.248,0.025,0.517,0.469,0.048,0.386,0.362,0.024
Renfroe, Hunter,592669,2019,494,292,0.216,0.218,-0.002,0.489,0.451,0.038,0.32,0.311,0.009
Carpenter, Matt,572761,2019,492,293,0.226,0.229,-0.003,0.392,0.426,-0.034,0.315,0.331,-0.016
Panik, Joe,605412,2019,491,397,0.244,0.251,-0.007,0.336,0.373,-0.037,0.284,0.304,-0.02
Myers, Wil,571976,2019,490,269,0.239,0.241,-0.002,0.418,0.434,-0.016,0.316,0.322,-0.006
Choi, Ji-Man,596847,2019,487,309,0.261,0.263,-0.002,0.459,0.496,-0.037,0.348,0.366,-0.018
Encarnacion, Edwin,429665,2019,486,318,0.244,0.242,0.002,0.531,0.513,0.018,0.362,0.36,0.002
Desmond, Ian,435622,2019,482,327,0.255,0.271,-0.016,0.479,0.474,0.005,0.328,0.335,-0.007
Grossman, Robbie,543257,2019,482,336,0.24,0.265,-0.025,0.348,0.383,-0.035,0.299,0.324,-0.025
Mercado, Oscar,640458,2019,482,365,0.269,0.262,0.007,0.443,0.403,0.04,0.321,0.308,0.013
Dozier, Brian,572821,2019,482,312,0.238,0.24,-0.002,0.43,0.432,-0.002,0.329,0.331,-0.002
Narvaez, Omar,553882,2019,482,339,0.278,0.254,0.024,0.46,0.422,0.038,0.345,0.324,0.021
Laureano, Ramon,657656,2019,481,320,0.288,0.274,0.014,0.521,0.487,0.034,0.356,0.342,0.014
Kiermaier, Kevin,595281,2019,480,345,0.228,0.246,-0.018,0.398,0.393,0.005,0.284,0.292,-0.008
Murphy, Daniel,502517,2019,478,368,0.279,0.25,0.029,0.452,0.371,0.081,0.328,0.29,0.038
Urshela, Gio,570482,2019,476,359,0.314,0.294,0.02,0.534,0.505,0.029,0.369,0.353,0.016
McCann, James,543510,2019,476,303,0.273,0.256,0.017,0.46,0.445,0.015,0.333,0.321,0.012
Goodrum, Niko,592348,2019,472,287,0.248,0.241,0.007,0.421,0.393,0.028,0.316,0.304,0.012
Markakis, Nick,455976,2019,469,361,0.285,0.3,-0.015,0.42,0.434,-0.014,0.332,0.349,-0.017
Mazara, Nomar,608577,2019,469,327,0.268,0.272,-0.004,0.469,0.485,-0.016,0.327,0.337,-0.01
Alfaro, Jorge,595751,2019,465,279,0.262,0.25,0.012,0.425,0.455,-0.03,0.312,0.319,-0.007
Hernandez, Teoscar,606192,2019,464,265,0.23,0.219,0.011,0.472,0.446,0.026,0.325,0.311,0.014
Schoop, Jonathan,570731,2019,464,318,0.256,0.252,0.004,0.473,0.439,0.034,0.324,0.312,0.012
Gonzalez, Marwin,503556,2019,463,328,0.264,0.262,0.002,0.414,0.435,-0.021,0.313,0.32,-0.007
Hernandez, Enrique,571771,2019,460,321,0.237,0.242,-0.005,0.411,0.411,0,0.302,0.308,-0.006
Thames, Eric,519346,2019,459,258,0.247,0.226,0.021,0.505,0.437,0.068,0.354,0.325,0.029
Goodwin, Brian,571718,2019,458,288,0.262,0.239,0.023,0.47,0.414,0.056,0.332,0.307,0.025
Davis, J.D.,605204,2019,453,315,0.307,0.308,-0.001,0.527,0.548,-0.021,0.374,0.383,-0.009
Dyson, Jarrod,502481,2019,452,317,0.23,0.227,0.003,0.32,0.296,0.024,0.281,0.273,0.008
Molina, Yadier,425877,2019,452,366,0.27,0.275,-0.005,0.399,0.443,-0.044,0.303,0.325,-0.022
Perez, Roberto,547379,2019,449,273,0.239,0.227,0.012,0.452,0.451,0.001,0.326,0.323,0.003
Drury, Brandon,592273,2019,447,308,0.218,0.247,-0.029,0.38,0.427,-0.047,0.271,0.305,-0.034
Judge, Aaron,592450,2019,447,238,0.272,0.281,-0.009,0.54,0.58,-0.04,0.382,0.401,-0.019
Tapia, Raimel,606132,2019,447,326,0.275,0.259,0.016,0.415,0.376,0.039,0.307,0.287,0.02
Ramirez, Harold,623912,2019,446,331,0.276,0.276,0,0.416,0.413,0.003,0.308,0.309,-0.001
Sanchez, Gary,596142,2019,446,272,0.232,0.247,-0.015,0.525,0.552,-0.027,0.346,0.363,-0.017
Posey, Buster,457763,2019,445,336,0.257,0.254,0.003,0.368,0.418,-0.05,0.298,0.315,-0.017
Mondesi, Adalberto,609275,2019,443,292,0.263,0.237,0.026,0.424,0.38,0.044,0.298,0.282,0.016
Seager, Kyle,572122,2019,443,309,0.239,0.264,-0.025,0.468,0.486,-0.018,0.332,0.349,-0.017
Sogard, Eric,519299,2019,442,339,0.29,0.27,0.02,0.457,0.373,0.084,0.342,0.307,0.035
Margot, Manuel,622534,2019,441,313,0.234,0.234,0,0.387,0.337,0.05,0.296,0.279,0.017
Sano, Miguel,593934,2019,439,222,0.247,0.234,0.013,0.576,0.544,0.032,0.379,0.363,0.016
Chirinos, Robinson,455139,2019,437,248,0.238,0.216,0.022,0.443,0.4,0.043,0.336,0.316,0.02
Biggio, Cavan,624415,2019,430,233,0.234,0.24,-0.006,0.429,0.426,0.003,0.343,0.345,-0.002
Franco, Maikel,596748,2019,428,331,0.234,0.243,-0.009,0.409,0.417,-0.008,0.281,0.292,-0.011
Ohtani, Shohei,660271,2019,425,278,0.286,0.282,0.004,0.505,0.486,0.019,0.352,0.349,0.003
Simmons, Andrelton,592743,2019,424,361,0.264,0.238,0.026,0.364,0.321,0.043,0.29,0.265,0.025
Peralta, David,444482,2019,423,296,0.275,0.249,0.026,0.461,0.379,0.082,0.338,0.301,0.037
Bauers, Jake,641343,2019,423,260,0.226,0.224,0.002,0.371,0.352,0.019,0.296,0.29,0.006
Cano, Robinson,429664,2019,423,324,0.256,0.28,-0.024,0.428,0.449,-0.021,0.308,0.327,-0.019
Gordon, Dee,543829,2019,421,341,0.275,0.254,0.021,0.359,0.308,0.051,0.282,0.26,0.022
Cooper, Garrett,643265,2019,421,272,0.282,0.269,0.013,0.447,0.464,-0.017,0.337,0.34,-0.003
Dixon, Brandon,641525,2019,420,259,0.248,0.24,0.008,0.435,0.442,-0.007,0.303,0.306,-0.003
Stewart, Christin,621514,2019,416,272,0.233,0.242,-0.009,0.388,0.425,-0.037,0.294,0.314,-0.02
Senzel, Nick,669222,2019,414,275,0.256,0.243,0.013,0.427,0.407,0.02,0.315,0.303,0.012
Taylor, Chris,621035,2019,414,258,0.262,0.238,0.024,0.462,0.396,0.066,0.331,0.301,0.03
Dahl, David,621311,2019,413,271,0.302,0.267,0.035,0.524,0.482,0.042,0.364,0.34,0.024
Ruiz, Rio,547004,2019,413,285,0.232,0.235,-0.003,0.376,0.36,0.016,0.294,0.293,0.001
Yastrzemski, Mike,573262,2019,411,268,0.272,0.258,0.014,0.518,0.51,0.008,0.353,0.344,0.009
Wolters, Tony,547172,2019,411,299,0.262,0.244,0.018,0.329,0.316,0.013,0.29,0.281,0.009
Contreras, Willson,575929,2019,409,260,0.272,0.25,0.022,0.533,0.476,0.057,0.368,0.342,0.026
Tellez, Rowdy,642133,2019,409,257,0.227,0.251,-0.024,0.449,0.476,-0.027,0.308,0.332,-0.024
DeShields, Delino,592261,2019,408,267,0.249,0.232,0.017,0.347,0.323,0.024,0.295,0.28,0.015
Rengifo, Luis,650859,2019,406,268,0.238,0.236,0.002,0.364,0.365,-0.001,0.298,0.303,-0.005
Bader, Harrison,664056,2019,406,233,0.205,0.219,-0.014,0.366,0.408,-0.042,0.293,0.316,-0.023
Santander, Anthony,623993,2019,405,298,0.261,0.263,-0.002,0.476,0.463,0.013,0.321,0.321,0
Peraza, Jose,606299,2019,403,320,0.239,0.269,-0.03,0.346,0.362,-0.016,0.272,0.292,-0.02
Lopez, Nicky,670032,2019,402,332,0.24,0.24,0,0.325,0.298,0.027,0.26,0.251,0.009
Cabrera, Melky,466320,2019,397,338,0.28,0.28,0,0.399,0.376,0.023,0.301,0.294,0.007
Crawford, J.P.,641487,2019,396,268,0.226,0.237,-0.011,0.371,0.337,0.034,0.296,0.294,0.002
Piscotty, Stephen,572039,2019,393,277,0.249,0.253,-0.004,0.412,0.444,-0.032,0.306,0.323,-0.017
Smith Jr, Dwight,596105,2019,392,280,0.241,0.243,-0.002,0.412,0.377,0.035,0.299,0.292,0.007
d'Arnaud, Travis,518595,2019,391,272,0.251,0.262,-0.011,0.433,0.455,-0.022,0.314,0.334,-0.02
Candelario, Jeimer,600869,2019,386,237,0.203,0.229,-0.026,0.337,0.364,-0.027,0.283,0.302,-0.019
Winker, Jesse,608385,2019,384,278,0.269,0.283,-0.014,0.473,0.458,0.015,0.351,0.352,-0.001
Jansen, Danny,643376,2019,384,270,0.207,0.247,-0.04,0.36,0.418,-0.058,0.275,0.314,-0.039
Chavis, Michael,656308,2019,382,220,0.254,0.222,0.032,0.444,0.413,0.031,0.323,0.298,0.025
Walker, Neil,435522,2019,381,261,0.261,0.271,-0.01,0.395,0.433,-0.038,0.319,0.339,-0.02
Verdugo, Alex,657077,2019,377,300,0.294,0.288,0.006,0.475,0.452,0.023,0.341,0.331,0.01
Maldonado, Martin,455117,2019,374,250,0.213,0.222,-0.009,0.378,0.395,-0.017,0.288,0.302,-0.014
Martinez, Jose,500874,2019,373,254,0.269,0.272,-0.003,0.41,0.466,-0.056,0.323,0.343,-0.02
Garcia, Greg,594824,2019,372,231,0.248,0.222,0.026,0.354,0.303,0.051,0.319,0.295,0.024
Tatis Jr., Fernando,665487,2019,372,227,0.317,0.259,0.058,0.59,0.49,0.1,0.398,0.345,0.053
O'Hearn, Ryan,656811,2019,370,231,0.195,0.227,-0.032,0.369,0.411,-0.042,0.279,0.308,-0.029
Kendrick, Howie,435062,2019,370,290,0.344,0.336,0.008,0.572,0.622,-0.05,0.4,0.419,-0.019
Pinder, Chad,640461,2019,370,257,0.24,0.254,-0.014,0.416,0.441,-0.025,0.298,0.315,-0.017
Alvarez, Yordan,670541,2019,369,221,0.313,0.289,0.024,0.655,0.602,0.053,0.432,0.41,0.022
Aguilar, Jesus,542583,2019,369,240,0.236,0.246,-0.01,0.389,0.443,-0.054,0.307,0.334,-0.027
Castro, Harold,605612,2019,369,274,0.291,0.265,0.026,0.384,0.377,0.007,0.292,0.283,0.009
Forsythe, Logan,523253,2019,367,219,0.227,0.242,-0.015,0.353,0.41,-0.057,0.298,0.323,-0.025
Arraez, Luis,650333,2019,366,300,0.334,0.29,0.044,0.439,0.41,0.029,0.36,0.336,0.024
Kelly, Carson,608348,2019,365,236,0.245,0.247,-0.002,0.478,0.466,0.012,0.339,0.337,0.002
Barnhart, Tucker,571466,2019,364,235,0.231,0.221,0.01,0.38,0.326,0.054,0.301,0.28,0.021
Almora Jr., Albert,546991,2019,363,284,0.236,0.254,-0.018,0.381,0.382,-0.001,0.271,0.28,-0.009
Granderson, Curtis,434158,2019,363,221,0.183,0.216,-0.033,0.356,0.389,-0.033,0.275,0.305,-0.03
Wilkerson, Stevie,592859,2019,361,224,0.225,0.202,0.023,0.383,0.317,0.066,0.286,0.255,0.031
Garver, Mitch,641598,2019,359,226,0.273,0.256,0.017,0.63,0.573,0.057,0.405,0.38,0.025
Gomes, Yan,543228,2019,358,231,0.223,0.221,0.002,0.389,0.397,-0.008,0.298,0.304,-0.006
Gamel, Ben,592325,2019,356,209,0.248,0.235,0.013,0.373,0.349,0.024,0.308,0.301,0.007
Bote, David,623520,2019,356,212,0.257,0.251,0.006,0.422,0.385,0.037,0.336,0.322,0.014
Hamilton, Billy,571740,2019,353,234,0.218,0.233,-0.015,0.275,0.271,0.004,0.251,0.261,-0.01
Davis, Chris,448801,2019,352,171,0.179,0.206,-0.027,0.326,0.372,-0.046,0.263,0.292,-0.029
Edman, Tommy,669242,2019,349,265,0.304,0.288,0.016,0.5,0.443,0.057,0.357,0.331,0.026
Hiura, Keston,669374,2019,348,208,0.303,0.266,0.037,0.57,0.53,0.04,0.388,0.36,0.028
Hedges, Austin,595978,2019,347,206,0.176,0.198,-0.022,0.311,0.351,-0.04,0.242,0.266,-0.024
Diaz, Yandy,650490,2019,347,250,0.267,0.283,-0.016,0.476,0.489,-0.013,0.341,0.357,-0.016
Gregorius, Didi,544369,2019,344,273,0.238,0.247,-0.009,0.441,0.408,0.033,0.298,0.293,0.005
Gurriel Jr., Lourdes,666971,2019,343,232,0.277,0.258,0.019,0.541,0.51,0.031,0.358,0.342,0.016
Pollock, A.J.,572041,2019,342,238,0.266,0.265,0.001,0.468,0.459,0.009,0.333,0.334,-0.001
Phegley, Josh,572033,2019,342,258,0.239,0.249,-0.01,0.411,0.374,0.037,0.291,0.287,0.004
Severino, Pedro,600474,2019,341,235,0.249,0.269,-0.02,0.42,0.446,-0.026,0.316,0.337,-0.021
Calhoun, Willie,641432,2019,337,258,0.269,0.268,0.001,0.524,0.452,0.072,0.351,0.33,0.021
Alonso, Yonder,475174,2019,335,224,0.199,0.232,-0.033,0.346,0.38,-0.034,0.277,0.306,-0.029
Moreland, Mitch,519048,2019,335,226,0.252,0.257,-0.005,0.507,0.5,0.007,0.347,0.351,-0.004
Adams, Matt,571431,2019,333,196,0.226,0.227,-0.001,0.465,0.479,-0.014,0.306,0.318,-0.012
Jones, JaCoby,592444,2019,333,206,0.235,0.25,-0.015,0.43,0.439,-0.009,0.312,0.323,-0.011
Hicks, John,543308,2019,333,211,0.21,0.201,0.009,0.379,0.351,0.028,0.259,0.247,0.012
Bruce, Jay,457803,2019,333,231,0.216,0.243,-0.027,0.523,0.541,-0.018,0.318,0.34,-0.022
Diaz, Elias,553869,2019,332,251,0.241,0.245,-0.004,0.307,0.334,-0.027,0.265,0.281,-0.016
Cuthbert, Cheslor,596144,2019,330,242,0.246,0.251,-0.005,0.379,0.384,-0.005,0.287,0.292,-0.005
Beckham, Tim,542921,2019,328,202,0.237,0.228,0.009,0.461,0.435,0.026,0.315,0.303,0.012
Lucroy, Jonathan,518960,2019,328,245,0.232,0.245,-0.013,0.355,0.387,-0.032,0.286,0.306,-0.02
Lowe, Brandon,664040,2019,327,184,0.27,0.244,0.026,0.514,0.507,0.007,0.354,0.346,0.008
Hampson, Garrett,641658,2019,327,215,0.247,0.227,0.02,0.385,0.329,0.056,0.292,0.265,0.027
La Stella, Tommy,600303,2019,321,264,0.295,0.296,-0.001,0.486,0.482,0.004,0.351,0.35,0.001
Correa, Carlos,621043,2019,321,208,0.28,0.29,-0.01,0.57,0.559,0.011,0.38,0.391,-0.011
Marisnick, Jake,545350,2019,318,200,0.233,0.202,0.031,0.411,0.328,0.083,0.297,0.255,0.042
Pence, Hunter,452254,2019,316,219,0.297,0.284,0.013,0.552,0.508,0.044,0.377,0.358,0.019
McCann, Brian,435263,2019,316,230,0.249,0.241,0.008,0.412,0.406,0.006,0.312,0.314,-0.002
Flowers, Tyler,452095,2019,310,168,0.229,0.198,0.031,0.413,0.383,0.03,0.31,0.289,0.021
Martin, Richie,621006,2019,309,206,0.208,0.216,-0.008,0.322,0.302,0.02,0.252,0.25,0.002
Suzuki, Kurt,435559,2019,309,247,0.264,0.278,-0.014,0.486,0.459,0.027,0.337,0.338,-0.001
Dietrich, Derek,518618,2019,306,178,0.187,0.224,-0.037,0.462,0.453,0.009,0.334,0.351,-0.017
Parra, Gerardo,467827,2019,301,218,0.234,0.248,-0.014,0.391,0.387,0.004,0.288,0.298,-0.01
Riley, Austin,663586,2019,297,168,0.226,0.225,0.001,0.471,0.456,0.015,0.307,0.305,0.002
Gallo, Joey,608336,2019,297,129,0.253,0.229,0.024,0.598,0.605,-0.007,0.401,0.395,0.006
Tauchman, Mike,643565,2019,296,190,0.277,0.248,0.029,0.504,0.412,0.092,0.364,0.323,0.041
Sandoval, Pablo,467055,2019,296,210,0.268,0.275,-0.007,0.507,0.483,0.024,0.336,0.336,0
Guzman, Ronald,608597,2019,295,173,0.219,0.238,-0.019,0.414,0.433,-0.019,0.306,0.326,-0.02
Holt, Brock,571788,2019,295,206,0.297,0.271,0.026,0.402,0.372,0.03,0.333,0.317,0.016
Buxton, Byron,621439,2019,295,206,0.262,0.249,0.013,0.513,0.433,0.08,0.34,0.309,0.031
Rodriguez, Ronny,500135,2019,294,199,0.221,0.228,-0.007,0.438,0.432,0.006,0.283,0.29,-0.007
Naquin, Tyler,571980,2019,294,212,0.288,0.277,0.011,0.467,0.472,-0.005,0.33,0.327,0.003
Reyes, Victor,622682,2019,292,214,0.304,0.283,0.021,0.431,0.379,0.052,0.325,0.3,0.025
Zunino, Mike,572287,2019,289,168,0.165,0.194,-0.029,0.312,0.38,-0.068,0.235,0.271,-0.036
Lugo, Dawel,608475,2019,288,218,0.245,0.264,-0.019,0.381,0.394,-0.013,0.272,0.29,-0.018
Berti, Jon,542932,2019,287,184,0.273,0.258,0.015,0.406,0.378,0.028,0.327,0.313,0.014
Osuna, Jose,591741,2019,285,217,0.264,0.274,-0.01,0.456,0.447,0.009,0.32,0.328,-0.008
Flores, Wilmer,527038,2019,285,235,0.317,0.287,0.03,0.487,0.439,0.048,0.359,0.329,0.03
Lagares, Juan,501571,2019,285,186,0.213,0.208,0.005,0.326,0.291,0.035,0.258,0.244,0.014
Haniger, Mitch,571745,2019,283,167,0.22,0.225,-0.005,0.463,0.456,0.007,0.326,0.327,-0.001
Moore, Dylan,664238,2019,282,155,0.206,0.193,0.013,0.389,0.338,0.051,0.299,0.277,0.022
Kinsler, Ian,435079,2019,281,205,0.217,0.205,0.012,0.368,0.303,0.065,0.277,0.252,0.025
Duggar, Steven,621453,2019,281,186,0.234,0.238,-0.004,0.341,0.354,-0.013,0.265,0.276,-0.011
Murphy, Tom,608596,2019,281,174,0.273,0.218,0.055,0.535,0.44,0.095,0.355,0.301,0.054
Vogt, Stephen,519390,2019,280,193,0.263,0.254,0.009,0.49,0.487,0.003,0.331,0.328,0.003
Caratini, Victor,605170,2019,279,188,0.266,0.257,0.009,0.447,0.432,0.015,0.338,0.335,0.003
Naylor, Josh,647304,2019,279,190,0.249,0.241,0.008,0.403,0.378,0.025,0.306,0.297,0.009
Dickerson, Corey,572816,2019,279,207,0.304,0.265,0.039,0.565,0.473,0.092,0.367,0.317,0.05
Kemp, Tony,643393,2019,279,203,0.212,0.207,0.005,0.38,0.293,0.087,0.285,0.262,0.023
White, Tyler,643603,2019,279,165,0.208,0.202,0.006,0.304,0.306,-0.002,0.274,0.274,0
McKinney, Billy,641856,2019,276,182,0.215,0.229,-0.014,0.422,0.374,0.048,0.292,0.285,0.007
Castro, Jason,488771,2019,275,151,0.232,0.249,-0.017,0.435,0.521,-0.086,0.328,0.364,-0.036
Mercer, Jordy,474568,2019,271,199,0.27,0.268,0.002,0.438,0.453,-0.015,0.315,0.319,-0.004
Shaw, Travis,543768,2019,270,141,0.157,0.183,-0.026,0.27,0.334,-0.064,0.248,0.278,-0.03
Maybin, Cameron,457727,2019,269,167,0.285,0.258,0.027,0.494,0.455,0.039,0.363,0.337,0.026
Beaty, Matt,607461,2019,268,216,0.265,0.28,-0.015,0.458,0.427,0.031,0.324,0.321,0.003
Nola, Austin,543592,2019,267,177,0.269,0.235,0.034,0.454,0.369,0.085,0.337,0.296,0.041
Martin, Leonys,547982,2019,264,161,0.199,0.191,0.008,0.343,0.337,0.006,0.269,0.265,0.004
Wendle, Joey,621563,2019,263,194,0.231,0.254,-0.023,0.34,0.335,0.005,0.275,0.285,-0.01
McCutchen, Andrew,457705,2019,262,164,0.256,0.254,0.002,0.457,0.444,0.013,0.358,0.355,0.003
Luplow, Jordan,656669,2019,261,165,0.276,0.248,0.028,0.551,0.468,0.083,0.383,0.348,0.035
VanMeter, Josh,642165,2019,260,173,0.237,0.243,-0.006,0.408,0.417,-0.009,0.316,0.324,-0.008
Prado, Martin,445988,2019,260,207,0.233,0.258,-0.025,0.294,0.342,-0.048,0.243,0.275,-0.032
Ervin, Phillip,640447,2019,260,175,0.271,0.234,0.037,0.466,0.37,0.096,0.334,0.295,0.039
Upton, Justin,457708,2019,256,146,0.215,0.215,0,0.416,0.415,0.001,0.307,0.312,-0.005
Allen, Greg,656185,2019,256,183,0.229,0.236,-0.007,0.346,0.341,0.005,0.274,0.282,-0.008
Hicks, Aaron,543305,2019,255,152,0.235,0.212,0.023,0.443,0.39,0.053,0.325,0.301,0.024
Nimmo, Brandon,607043,2019,254,132,0.221,0.219,0.002,0.407,0.348,0.059,0.34,0.33,0.01
Castillo, Welington,456078,2019,251,158,0.209,0.22,-0.011,0.417,0.43,-0.013,0.287,0.3,-0.013
Locastro, Tim,641796,2019,250,170,0.25,0.238,0.012,0.34,0.305,0.035,0.314,0.301,0.013
Urias, Luis,649966,2019,249,159,0.223,0.229,-0.006,0.326,0.352,-0.026,0.294,0.304,-0.01
Martin, Russell,431145,2019,249,151,0.22,0.223,-0.003,0.33,0.35,-0.02,0.295,0.306,-0.011
Brinson, Lewis,621446,2019,248,155,0.173,0.201,-0.028,0.221,0.294,-0.073,0.205,0.243,-0.038
Camargo, Johan,622666,2019,248,190,0.233,0.249,-0.016,0.384,0.361,0.023,0.279,0.282,-0.003
Engel, Adam,641553,2019,248,150,0.242,0.225,0.017,0.383,0.342,0.041,0.296,0.275,0.021
Diaz, Aledmys,649557,2019,247,188,0.271,0.268,0.003,0.467,0.423,0.044,0.345,0.339,0.006
Cordell, Ryan,641477,2019,247,155,0.222,0.213,0.009,0.356,0.358,-0.002,0.279,0.274,0.005
Frazier, Clint,640449,2019,246,158,0.267,0.245,0.022,0.489,0.459,0.03,0.333,0.315,0.018
Perez, Hernan,541650,2019,246,169,0.228,0.218,0.01,0.379,0.336,0.043,0.271,0.257,0.014
Mejia, Francisco,642336,2019,244,171,0.265,0.229,0.036,0.438,0.381,0.057,0.317,0.285,0.032
Mathis, Jeff,425772,2019,244,142,0.158,0.166,-0.008,0.224,0.226,-0.002,0.19,0.196,-0.006
Barnes, Austin,605131,2019,242,158,0.203,0.193,0.01,0.34,0.302,0.038,0.272,0.258,0.014
Haseley, Adam,656514,2019,242,163,0.266,0.223,0.043,0.396,0.331,0.065,0.309,0.266,0.043
Russell, Addison,608365,2019,241,160,0.237,0.224,0.013,0.391,0.354,0.037,0.297,0.285,0.012
Beckham, Gordon,493596,2019,240,155,0.215,0.227,-0.012,0.372,0.39,-0.018,0.274,0.285,-0.011
Romine, Austin,519222,2019,240,180,0.281,0.264,0.017,0.439,0.433,0.006,0.315,0.305,0.01
Joyce, Matt,459964,2019,238,155,0.295,0.271,0.024,0.45,0.443,0.007,0.372,0.36,0.012
Robertson, Daniel,621002,2019,237,148,0.213,0.212,0.001,0.295,0.294,0.001,0.275,0.276,-0.001
Adrianza, Ehire,501303,2019,236,168,0.272,0.264,0.008,0.416,0.393,0.023,0.326,0.323,0.003
Casali, Curt,592200,2019,236,151,0.251,0.235,0.016,0.411,0.396,0.015,0.316,0.309,0.007
Heredia, Guillermo,628338,2019,231,147,0.225,0.248,-0.023,0.363,0.346,0.017,0.291,0.298,-0.007
Inciarte, Ender,542255,2019,230,159,0.246,0.235,0.011,0.397,0.32,0.077,0.318,0.29,0.028
Broxton, Keon,542979,2019,228,103,0.167,0.167,0,0.275,0.287,-0.012,0.229,0.235,-0.006
Cave, Jake,595909,2019,228,128,0.258,0.263,-0.005,0.455,0.486,-0.031,0.343,0.36,-0.017
Solano, Donovan,456781,2019,228,168,0.33,0.316,0.014,0.456,0.45,0.006,0.346,0.339,0.007
Lamb, Jake,571875,2019,226,134,0.193,0.229,-0.036,0.353,0.429,-0.076,0.297,0.34,-0.043
Aquino, Aristides,606157,2019,225,147,0.259,0.25,0.009,0.576,0.501,0.075,0.36,0.334,0.026
Greiner, Grayson,606988,2019,224,140,0.202,0.197,0.005,0.308,0.325,-0.017,0.242,0.246,-0.004
Kiner-Falefa, Isiah,643396,2019,222,155,0.238,0.225,0.013,0.322,0.3,0.022,0.272,0.258,0.014
Hechavarria, Adeiny,588751,2019,221,156,0.241,0.237,0.004,0.443,0.409,0.034,0.312,0.302,0.01
Freeman, Mike,502273,2019,213,126,0.277,0.219,0.058,0.39,0.303,0.087,0.327,0.281,0.046
Bichette, Bo,666182,2019,212,147,0.311,0.273,0.038,0.571,0.472,0.099,0.384,0.335,0.049
Smith, Kevan,607345,2019,211,155,0.251,0.292,-0.041,0.393,0.454,-0.061,0.306,0.346,-0.04
Vargas, Ildemaro,545121,2019,211,178,0.269,0.255,0.014,0.413,0.359,0.054,0.3,0.278,0.022
Stallings, Jacob,607732,2019,210,152,0.262,0.259,0.003,0.382,0.423,-0.041,0.297,0.313,-0.016
Astudillo, Willians,553902,2019,204,186,0.268,0.288,-0.02,0.379,0.423,-0.044,0.288,0.32,-0.032
France, Ty,664034,2019,201,136,0.234,0.233,0.001,0.402,0.393,0.009,0.296,0.293,0.003
Morales, Kendrys,434778,2019,201,145,0.194,0.273,-0.079,0.253,0.445,-0.192,0.264,0.364,-0.1
Avila, Alex,488671,2019,201,96,0.207,0.229,-0.022,0.421,0.502,-0.081,0.323,0.357,-0.034
Diaz, Isan,656371,2019,201,121,0.173,0.183,-0.01,0.307,0.321,-0.014,0.248,0.258,-0.01
Sisco, Chance,642082,2019,198,106,0.21,0.223,-0.013,0.395,0.418,-0.023,0.319,0.332,-0.013
Farmer, Kyle,571657,2019,197,125,0.23,0.227,0.003,0.41,0.392,0.018,0.289,0.282,0.007
Starling, Bubba,605490,2019,197,131,0.215,0.216,-0.001,0.317,0.307,0.01,0.247,0.246,0.001
Smith, Dominic,642086,2019,197,133,0.282,0.246,0.036,0.525,0.445,0.08,0.368,0.327,0.041
Smith, Will,669257,2019,196,121,0.253,0.225,0.028,0.571,0.452,0.119,0.369,0.323,0.046
Owings, Chris,572008,2019,196,102,0.139,0.179,-0.04,0.233,0.29,-0.057,0.198,0.237,-0.039
Descalso, Daniel,518614,2019,194,113,0.173,0.194,-0.021,0.25,0.299,-0.049,0.238,0.265,-0.027
Slater, Austin,596103,2019,192,109,0.238,0.239,-0.001,0.417,0.445,-0.028,0.32,0.331,-0.011
Leon, Sandy,506702,2019,191,130,0.192,0.181,0.011,0.297,0.256,0.041,0.24,0.228,0.012
Zimmerman, Ryan,475582,2019,190,134,0.257,0.248,0.009,0.415,0.447,-0.032,0.313,0.321,-0.008
Dickerson, Alex,543105,2019,190,133,0.276,0.271,0.005,0.489,0.476,0.013,0.341,0.342,-0.001
Dean, Austin,621573,2019,189,133,0.225,0.256,-0.031,0.404,0.425,-0.021,0.276,0.299,-0.023
Rickard, Joey,572073,2019,189,118,0.226,0.212,0.014,0.357,0.316,0.041,0.29,0.273,0.017
Healy, Ryon,592387,2019,187,133,0.237,0.244,-0.007,0.456,0.453,0.003,0.308,0.324,-0.016
Demeritte, Travis,641513,2019,186,108,0.225,0.229,-0.004,0.343,0.357,-0.014,0.272,0.279,-0.007
Freese, David,501896,2019,186,118,0.315,0.288,0.027,0.599,0.527,0.072,0.415,0.382,0.033
Kang, Jung Ho,628356,2019,185,113,0.169,0.215,-0.046,0.395,0.425,-0.03,0.256,0.29,-0.034
Wieters, Matt,446308,2019,183,123,0.214,0.223,-0.009,0.435,0.41,0.025,0.292,0.289,0.003
Grisham, Trent,663757,2019,183,111,0.231,0.228,0.003,0.41,0.368,0.042,0.316,0.304,0.012
Jay, Jon,445055,2019,182,141,0.267,0.25,0.017,0.315,0.325,-0.01,0.275,0.273,0.002
Munoz, Yairo,622168,2019,181,136,0.267,0.218,0.049,0.355,0.305,0.05,0.281,0.245,0.036
Pina, Manny,444489,2019,179,109,0.228,0.229,-0.001,0.411,0.414,-0.003,0.308,0.31,-0.002
Austin, Tyler,592122,2019,179,88,0.188,0.199,-0.011,0.409,0.45,-0.041,0.298,0.317,-0.019
Zobrist, Ben,450314,2019,176,128,0.26,0.252,0.008,0.313,0.325,-0.012,0.303,0.306,-0.003
Plawecki, Kevin,608700,2019,174,128,0.222,0.222,0,0.342,0.36,-0.018,0.273,0.286,-0.013
Nunez, Eduardo,456488,2019,174,143,0.228,0.254,-0.026,0.305,0.326,-0.021,0.233,0.259,-0.026
Bour, Justin,571506,2019,170,100,0.172,0.188,-0.016,0.364,0.374,-0.01,0.267,0.28,-0.013
Miller, Brad,543543,2019,170,109,0.26,0.243,0.017,0.565,0.51,0.055,0.368,0.344,0.024
Duffy, Matt,622110,2019,169,119,0.252,0.256,-0.004,0.327,0.329,-0.002,0.299,0.307,-0.008
Lowe, Nate,663993,2019,169,104,0.263,0.258,0.005,0.454,0.457,-0.003,0.328,0.327,0.001
Long, Shed,643418,2019,168,112,0.263,0.215,0.048,0.454,0.333,0.121,0.333,0.271,0.062
Polanco, Gregory,570256,2019,167,104,0.242,0.233,0.009,0.425,0.41,0.015,0.305,0.294,0.011
Fisher, Derek,605233,2019,167,89,0.185,0.213,-0.028,0.37,0.367,0.003,0.285,0.294,-0.009
Gonzalez, Carlos,471865,2019,166,95,0.2,0.208,-0.008,0.283,0.329,-0.046,0.254,0.274,-0.02
Iannetta, Chris,455104,2019,164,91,0.222,0.231,-0.009,0.417,0.415,0.002,0.303,0.312,-0.009
Thaiss, Matt,642136,2019,164,95,0.211,0.212,-0.001,0.422,0.367,0.055,0.303,0.287,0.016
Ford, Mike,645801,2019,163,115,0.259,0.284,-0.025,0.559,0.496,0.063,0.372,0.365,0.007
Goins, Ryan,572365,2019,163,101,0.25,0.217,0.033,0.347,0.308,0.039,0.298,0.273,0.025
Reynolds, Mark,448602,2019,162,81,0.17,0.166,0.004,0.311,0.295,0.016,0.268,0.266,0.002
Knapp, Andrew,595284,2019,160,88,0.213,0.211,0.002,0.324,0.363,-0.039,0.282,0.292,-0.01
Cervelli, Francisco,465041,2019,160,101,0.213,0.207,0.006,0.348,0.354,-0.006,0.285,0.284,0.001
Tucker, Cole,657061,2019,159,108,0.211,0.247,-0.036,0.361,0.37,-0.009,0.264,0.285,-0.021
Reyes, Pablo,622569,2019,157,107,0.203,0.192,0.011,0.322,0.284,0.038,0.26,0.244,0.016
Tilson, Charlie,605508,2019,157,106,0.229,0.236,-0.007,0.285,0.31,-0.025,0.256,0.267,-0.011
Rondon, Jose,602922,2019,157,106,0.196,0.218,-0.022,0.28,0.317,-0.037,0.241,0.264,-0.023
Travis, Sam,607752,2019,157,109,0.215,0.226,-0.011,0.382,0.377,0.005,0.273,0.281,-0.008
Rojas, Josh,668942,2019,157,97,0.217,0.241,-0.024,0.312,0.416,-0.104,0.279,0.326,-0.047
Happ, Ian,664023,2019,156,102,0.264,0.256,0.008,0.564,0.526,0.038,0.368,0.353,0.015
Gonzalez, Erik,570481,2019,156,109,0.254,0.23,0.024,0.317,0.302,0.015,0.262,0.246,0.016
Hernandez, Marco,593523,2019,155,107,0.25,0.231,0.019,0.338,0.289,0.049,0.266,0.242,0.024
O'Neill, Tyler,641933,2019,151,88,0.262,0.222,0.04,0.411,0.396,0.015,0.308,0.284,0.024
Viloria, Meibrys,650619,2019,148,94,0.211,0.179,0.032,0.286,0.234,0.052,0.236,0.211,0.025
Harrison, Josh,543281,2019,147,112,0.175,0.24,-0.065,0.263,0.396,-0.133,0.208,0.286,-0.078
Stassi, Max,545358,2019,147,85,0.136,0.179,-0.043,0.167,0.266,-0.099,0.177,0.236,-0.059
Puello, Cesar,527049,2019,147,88,0.248,0.241,0.007,0.384,0.382,0.002,0.325,0.324,0.001
Williamson, Mac,607776,2019,144,84,0.156,0.202,-0.046,0.258,0.297,-0.039,0.23,0.262,-0.032
Nido, Tomas,621512,2019,144,100,0.191,0.199,-0.008,0.316,0.324,-0.008,0.228,0.237,-0.009
Culberson, Charlie,518586,2019,144,93,0.259,0.238,0.021,0.437,0.396,0.041,0.306,0.282,0.024
Difo, Wilmer,594694,2019,144,103,0.252,0.243,0.009,0.313,0.313,0,0.27,0.265,0.005
Brosseau, Michael,670712,2019,142,94,0.273,0.215,0.058,0.462,0.36,0.102,0.329,0.271,0.058
Stewart, DJ,621466,2019,142,101,0.238,0.227,0.011,0.381,0.391,-0.01,0.299,0.297,0.002
Gallagher, Cam,595956,2019,142,100,0.238,0.213,0.025,0.365,0.298,0.067,0.294,0.262,0.032
Rodriguez, Sean,446481,2019,139,76,0.223,0.197,0.026,0.375,0.329,0.046,0.319,0.3,0.019
Riddle, JT,595375,2019,139,90,0.189,0.198,-0.009,0.371,0.386,-0.015,0.25,0.261,-0.011
Gennett, Scooter,571697,2019,139,94,0.226,0.201,0.025,0.323,0.292,0.031,0.241,0.222,0.019
Herrera, Odubel,546318,2019,139,94,0.222,0.227,-0.005,0.341,0.34,0.001,0.272,0.277,-0.005
Solak, Nick,669256,2019,135,87,0.293,0.258,0.035,0.491,0.433,0.058,0.375,0.343,0.032
Arteaga, Humberto,600858,2019,135,97,0.197,0.227,-0.03,0.23,0.289,-0.059,0.221,0.254,-0.033
Duvall, Adam,594807,2019,130,82,0.267,0.21,0.057,0.567,0.541,0.026,0.36,0.329,0.031
Holaday, Bryan,592407,2019,129,96,0.278,0.243,0.035,0.435,0.346,0.089,0.326,0.282,0.044
Maile, Luke,571912,2019,129,88,0.151,0.214,-0.063,0.235,0.338,-0.103,0.194,0.259,-0.065
Rogers, Jake,668670,2019,128,63,0.125,0.125,0,0.259,0.22,0.039,0.216,0.204,0.012
Lopes, Tim,621005,2019,128,83,0.27,0.229,0.041,0.36,0.33,0.03,0.318,0.29,0.028
Straw, Myles,664702,2019,128,85,0.269,0.26,0.009,0.343,0.339,0.004,0.323,0.321,0.002
Trevino, Jose,624431,2019,126,96,0.258,0.252,0.006,0.383,0.362,0.021,0.274,0.266,0.008
Quinn, Roman,596451,2019,122,75,0.213,0.228,-0.015,0.37,0.352,0.018,0.289,0.293,-0.004
Herrera, Rosell,594011,2019,119,79,0.2,0.213,-0.013,0.314,0.291,0.023,0.264,0.261,0.003
Duda, Lucas,446263,2019,119,75,0.171,0.223,-0.052,0.324,0.455,-0.131,0.245,0.311,-0.066
Williams, Nick,608384,2019,112,63,0.151,0.218,-0.067,0.245,0.365,-0.12,0.193,0.265,-0.072
Dubon, Mauricio,643289,2019,111,86,0.274,0.249,0.025,0.434,0.359,0.075,0.313,0.277,0.036
Castro, Willi,650489,2019,110,68,0.23,0.208,0.022,0.34,0.296,0.044,0.27,0.246,0.024
Martini, Nick,605361,2019,109,68,0.226,0.243,-0.017,0.323,0.306,0.017,0.291,0.296,-0.005
Wade, Tyler,642180,2019,108,68,0.245,0.226,0.019,0.362,0.336,0.026,0.303,0.285,0.018
Peterson, Jace,607054,2019,108,77,0.22,0.246,-0.026,0.33,0.374,-0.044,0.258,0.284,-0.026
Cozart, Zack,446359,2019,107,84,0.124,0.206,-0.082,0.144,0.276,-0.132,0.15,0.246,-0.096
Daza, Yonathan,602074,2019,105,77,0.206,0.207,-0.001,0.237,0.262,-0.025,0.221,0.23,-0.009
McGuire, Reese,624512,2019,105,79,0.299,0.268,0.031,0.526,0.402,0.124,0.364,0.309,0.055
Collins, Zack,641470,2019,102,47,0.186,0.195,-0.009,0.349,0.437,-0.088,0.285,0.317,-0.032
Spangenberg, Cory,605486,2019,102,60,0.232,0.212,0.02,0.358,0.31,0.048,0.267,0.244,0.023
Gyorko, Jedd,576397,2019,101,68,0.174,0.207,-0.033,0.25,0.343,-0.093,0.224,0.267,-0.043
Garneau, Dustin,572863,2019,101,64,0.244,0.222,0.022,0.407,0.356,0.051,0.33,0.306,0.024
Swihart, Blake,596119,2019,99,56,0.163,0.196,-0.033,0.304,0.313,-0.009,0.228,0.247,-0.019
Pearce, Steve,456665,2019,99,59,0.18,0.195,-0.015,0.258,0.32,-0.062,0.224,0.252,-0.028
Gomez, Carlos,460576,2019,99,59,0.198,0.208,-0.01,0.337,0.356,-0.019,0.268,0.28,-0.012
Taylor, Michael A.,572191,2019,97,56,0.25,0.214,0.036,0.364,0.376,-0.012,0.289,0.276,0.013
Ortega, Rafael,542364,2019,96,66,0.205,0.23,-0.025,0.307,0.371,-0.064,0.254,0.286,-0.032
Davis, Jonathan,641505,2019,95,61,0.181,0.235,-0.054,0.265,0.374,-0.109,0.24,0.302,-0.062
Schebler, Scott,594988,2019,95,54,0.123,0.155,-0.032,0.222,0.252,-0.03,0.223,0.245,-0.022
Herrmann, Chris,543302,2019,94,56,0.202,0.229,-0.027,0.274,0.353,-0.079,0.249,0.286,-0.037
Palka, Daniel,594953,2019,93,49,0.107,0.144,-0.037,0.179,0.223,-0.044,0.174,0.205,-0.031
Toro, Abraham,647351,2019,89,60,0.218,0.231,-0.013,0.385,0.385,0,0.295,0.301,-0.006
Tovar, Wilfredo,541600,2019,88,68,0.193,0.235,-0.042,0.253,0.292,-0.039,0.217,0.249,-0.032
Hilliard, Sam,656541,2019,87,54,0.273,0.24,0.033,0.649,0.478,0.171,0.407,0.341,0.066
Walsh, Jared,665120,2019,87,44,0.203,0.218,-0.015,0.329,0.401,-0.072,0.259,0.289,-0.03
Valaika, Pat,642162,2019,86,45,0.19,0.166,0.024,0.316,0.267,0.049,0.248,0.223,0.025
Heineman, Scott,595981,2019,85,55,0.213,0.224,-0.011,0.373,0.323,0.05,0.295,0.284,0.011
Chang, Yu,644374,2019,84,51,0.178,0.209,-0.031,0.274,0.37,-0.096,0.254,0.301,-0.047
McBroom, Ryan,643436,2019,83,50,0.293,0.254,0.039,0.36,0.432,-0.072,0.318,0.325,-0.007
Federowicz, Tim,543148,2019,83,47,0.16,0.234,-0.074,0.347,0.419,-0.072,0.236,0.297,-0.061
Brown, Seth,664913,2019,83,52,0.293,0.234,0.059,0.453,0.381,0.072,0.347,0.296,0.051
Hoerner, Nico,663538,2019,82,68,0.282,0.322,-0.04,0.436,0.411,0.025,0.305,0.322,-0.017
Lux, Gavin,666158,2019,82,51,0.24,0.288,-0.048,0.4,0.455,-0.055,0.301,0.343,-0.042
Negron, Kristopher,502117,2019,82,51,0.247,0.202,0.045,0.338,0.32,0.018,0.269,0.246,0.023
Rodgers, Brendan,663898,2019,81,49,0.224,0.165,0.059,0.25,0.238,0.012,0.234,0.202,0.032
Urena, Richard,620446,2019,80,54,0.243,0.204,0.039,0.324,0.298,0.026,0.258,0.231,0.027
Strasburg, Stephen,544931,2019,80,52,0.167,0.196,-0.029,0.222,0.281,-0.059,0.186,0.22,-0.034
Garcia, Robel,596825,2019,80,38,0.208,0.184,0.024,0.5,0.411,0.089,0.316,0.282,0.034
Skole, Matt,605474,2019,80,42,0.208,0.197,0.011,0.236,0.239,-0.003,0.232,0.231,0.001
Gutierrez, Kelvin,642721,2019,79,50,0.26,0.199,0.061,0.356,0.285,0.071,0.284,0.238,0.046
Phillips, Brett,621433,2019,79,46,0.138,0.152,-0.014,0.262,0.26,0.002,0.228,0.24,-0.012
Solarte, Yangervis,500208,2019,78,58,0.205,0.245,-0.04,0.315,0.327,-0.012,0.236,0.263,-0.027
Cron, Kevin,605196,2019,78,44,0.211,0.23,-0.019,0.521,0.52,0.001,0.321,0.343,-0.022
Bumgarner, Madison,518516,2019,76,27,0.127,0.119,0.008,0.222,0.217,0.005,0.213,0.206,0.007
Hays, Austin,669720,2019,75,55,0.309,0.303,0.006,0.574,0.487,0.087,0.393,0.364,0.029
Lewis, Kyle,641786,2019,75,43,0.268,0.254,0.014,0.592,0.575,0.017,0.357,0.348,0.009
Wynns, Austin,642851,2019,74,57,0.214,0.23,-0.016,0.271,0.314,-0.043,0.227,0.247,-0.02
Mullins, Cedric,656775,2019,74,53,0.094,0.166,-0.072,0.156,0.247,-0.091,0.159,0.223,-0.064
Hundley, Nick,460026,2019,73,52,0.2,0.189,0.011,0.357,0.302,0.055,0.248,0.227,0.021
Corbin, Patrick,571578,2019,72,42,0.092,0.099,-0.007,0.108,0.126,-0.018,0.112,0.12,-0.008
Stanton, Giancarlo,519317,2019,72,36,0.288,0.263,0.025,0.492,0.51,-0.018,0.379,0.389,-0.01
Tucker, Kyle,663656,2019,72,47,0.269,0.259,0.01,0.537,0.523,0.014,0.349,0.341,0.008
Saladino, Tyler,573135,2019,71,39,0.123,0.175,-0.052,0.215,0.309,-0.094,0.187,0.24,-0.053
Allen, Austin,664119,2019,71,44,0.215,0.165,0.05,0.277,0.223,0.054,0.23,0.185,0.045
Nola, Aaron,605400,2019,70,29,0.119,0.113,0.006,0.153,0.133,0.02,0.168,0.156,0.012
deGrom, Jacob,594798,2019,70,47,0.2,0.196,0.004,0.323,0.28,0.043,0.245,0.229,0.016
Murphy, John Ryan,571974,2019,70,36,0.175,0.207,-0.032,0.413,0.399,0.014,0.276,0.286,-0.01
Guillorme, Luis,641645,2019,70,49,0.246,0.243,0.003,0.361,0.404,-0.043,0.299,0.31,-0.011
Estrada, Thairo,642731,2019,69,50,0.25,0.267,-0.017,0.438,0.424,0.014,0.308,0.31,-0.002
Syndergaard, Noah,592789,2019,69,19,0.092,0.093,-0.001,0.2,0.208,-0.008,0.144,0.148,-0.004
Wade Jr, LaMonte,664774,2019,69,47,0.196,0.272,-0.076,0.375,0.442,-0.067,0.32,0.373,-0.053
Gosselin, Phil,594838,2019,68,49,0.262,0.28,-0.018,0.308,0.44,-0.132,0.263,0.322,-0.059
Delmonico, Nicky,547170,2019,68,38,0.206,0.211,-0.005,0.286,0.327,-0.041,0.243,0.26,-0.017
Joseph, Corban,543377,2019,68,53,0.156,0.203,-0.047,0.25,0.289,-0.039,0.189,0.228,-0.039
Sucre, Jesus,491696,2019,67,49,0.21,0.21,0,0.242,0.305,-0.063,0.231,0.252,-0.021
Ryu, Hyun-Jin,547943,2019,67,40,0.157,0.157,0,0.235,0.252,-0.017,0.202,0.208,-0.006
Buehler, Walker,621111,2019,66,29,0.085,0.108,-0.023,0.136,0.175,-0.039,0.13,0.156,-0.026
Rivera, Yadiel,592680,2019,66,40,0.183,0.168,0.015,0.217,0.217,0,0.218,0.211,0.007
Castillo, Luis,622491,2019,66,34,0.097,0.117,-0.02,0.113,0.141,-0.028,0.09,0.108,-0.018
Altherr, Aaron,571437,2019,66,37,0.082,0.162,-0.08,0.164,0.279,-0.115,0.135,0.212,-0.077
Flaherty, Jack,656427,2019,66,47,0.185,0.202,-0.017,0.241,0.256,-0.015,0.195,0.207,-0.012
Mayfield, Jack,608686,2019,65,48,0.156,0.174,-0.018,0.328,0.308,0.02,0.204,0.207,-0.003
Fried, Max,608331,2019,65,44,0.196,0.205,-0.009,0.268,0.282,-0.014,0.236,0.247,-0.011
Kershaw, Clayton,477132,2019,65,48,0.102,0.119,-0.017,0.122,0.143,-0.021,0.108,0.125,-0.017
Dini, Nick,664926,2019,64,40,0.196,0.21,-0.014,0.357,0.342,0.015,0.269,0.283,-0.014
Hendricks, Kyle,543294,2019,64,32,0.148,0.124,0.024,0.167,0.15,0.017,0.165,0.15,0.015
Wheeler, Zack,554430,2019,64,41,0.211,0.168,0.043,0.298,0.243,0.055,0.246,0.21,0.036
Soroka, Mike,647336,2019,63,37,0.077,0.143,-0.066,0.077,0.159,-0.082,0.112,0.174,-0.062
Alcantara, Sandy,645261,2019,63,15,0.086,0.056,0.03,0.103,0.079,0.024,0.102,0.08,0.022
Quintana, Jose,500779,2019,63,36,0.093,0.101,-0.008,0.111,0.119,-0.008,0.087,0.096,-0.009
Kemp, Matt,461314,2019,62,42,0.2,0.173,0.027,0.283,0.283,0,0.208,0.197,0.011
Mikolas, Miles,571945,2019,62,35,0.136,0.144,-0.008,0.153,0.173,-0.02,0.124,0.135,-0.011
Darvish, Yu,506433,2019,62,29,0.089,0.101,-0.012,0.089,0.142,-0.053,0.097,0.126,-0.029
Musgrove, Joe,605397,2019,61,40,0.157,0.179,-0.022,0.235,0.304,-0.069,0.183,0.217,-0.034
Neuse, Sheldon,641914,2019,61,38,0.25,0.262,-0.012,0.304,0.372,-0.068,0.262,0.293,-0.031
Maeda, Kenta,628317,2019,61,48,0.25,0.216,0.034,0.292,0.249,0.043,0.232,0.203,0.029
Scherzer, Max,453286,2019,61,34,0.182,0.168,0.014,0.182,0.2,-0.018,0.158,0.156,0.002
Matz, Steven,571927,2019,61,44,0.228,0.261,-0.033,0.281,0.383,-0.102,0.217,0.272,-0.055
Murphy, Sean,669221,2019,60,37,0.245,0.238,0.007,0.566,0.476,0.09,0.37,0.34,0.03
Gray, Sonny,543243,2019,60,39,0.152,0.121,0.031,0.196,0.131,0.065,0.169,0.134,0.035
Kelly, Merrill,518876,2019,60,33,0.019,0.084,-0.065,0.019,0.101,-0.082,0.042,0.104,-0.062
Ray, Robbie,592662,2019,60,32,0.073,0.088,-0.015,0.073,0.11,-0.037,0.063,0.089,-0.026
Bishop, Braden,623323,2019,60,36,0.107,0.167,-0.06,0.107,0.202,-0.095,0.124,0.189,-0.065
Teheran, Julio,527054,2019,60,36,0.109,0.141,-0.032,0.127,0.178,-0.051,0.099,0.134,-0.035
Gray, Jon,592351,2019,59,34,0.064,0.103,-0.039,0.064,0.121,-0.057,0.094,0.14,-0.046
Hudson, Dakota,641712,2019,59,34,0.078,0.111,-0.033,0.078,0.125,-0.047,0.081,0.114,-0.033
Wainwright, Adam,425794,2019,59,37,0.16,0.182,-0.022,0.22,0.249,-0.029,0.177,0.207,-0.03
Barreto, Franklin,620439,2019,58,34,0.123,0.165,-0.042,0.263,0.308,-0.045,0.166,0.205,-0.039
Marquez, German,608566,2019,58,44,0.229,0.201,0.028,0.354,0.27,0.084,0.242,0.198,0.044
Gore, Terrance,605253,2019,58,33,0.275,0.26,0.015,0.353,0.289,0.064,0.317,0.294,0.023
Knizner, Andrew,668800,2019,58,39,0.226,0.17,0.056,0.377,0.284,0.093,0.289,0.234,0.055
Higashioka, Kyle,543309,2019,57,31,0.214,0.164,0.05,0.464,0.332,0.132,0.27,0.21,0.06
Ramirez, Hanley,434670,2019,57,32,0.184,0.21,-0.026,0.327,0.353,-0.026,0.278,0.294,-0.016
Hernandez, Gorkys,491676,2019,57,38,0.143,0.205,-0.062,0.245,0.327,-0.082,0.204,0.273,-0.069
DeSclafani, Anthony,543101,2019,57,29,0.109,0.104,0.005,0.109,0.124,-0.015,0.095,0.101,-0.006
Arroyo, Christian,624414,2019,57,33,0.22,0.234,-0.014,0.38,0.372,0.008,0.296,0.301,-0.005
Shuck, JB,543776,2019,57,38,0.213,0.249,-0.036,0.255,0.296,-0.041,0.279,0.309,-0.03
Greinke, Zack,425844,2019,56,42,0.28,0.261,0.019,0.58,0.472,0.108,0.362,0.323,0.039
Fuentes, Josh,658069,2019,56,35,0.218,0.175,0.043,0.4,0.269,0.131,0.262,0.194,0.068
Samardzija, Jeff,502188,2019,56,26,0.12,0.094,0.026,0.16,0.109,0.051,0.118,0.086,0.032
Sanchez, Anibal,434671,2019,56,32,0.115,0.134,-0.019,0.115,0.154,-0.039,0.1,0.125,-0.025
Rios, Edwin,621458,2019,56,26,0.277,0.252,0.025,0.617,0.591,0.026,0.413,0.394,0.019
Bemboom, Anthony,621532,2019,56,34,0.13,0.131,-0.001,0.204,0.214,-0.01,0.149,0.154,-0.005
Perez, Michael,605421,2019,55,27,0.217,0.183,0.034,0.326,0.352,-0.026,0.303,0.298,0.005
Davies, Zach,605200,2019,55,29,0.154,0.151,0.003,0.192,0.185,0.007,0.157,0.153,0.004
Lucchesi, Joey,664192,2019,54,17,0.063,0.051,0.012,0.063,0.055,0.008,0.067,0.06,0.007
Wallach, Chad,595453,2019,54,36,0.25,0.275,-0.025,0.375,0.56,-0.185,0.309,0.378,-0.069
Galloway, Isaac,543194,2019,54,37,0.167,0.207,-0.04,0.185,0.327,-0.142,0.151,0.22,-0.069
Kratz, Erik,456124,2019,53,35,0.102,0.151,-0.049,0.204,0.207,-0.003,0.169,0.191,-0.022
Lester, Jon,452657,2019,53,28,0.188,0.139,0.049,0.292,0.205,0.087,0.246,0.198,0.048
Lorenzen, Michael,547179,2019,53,31,0.208,0.209,-0.001,0.313,0.327,-0.014,0.263,0.268,-0.005
Garlick, Kyle,664247,2019,53,29,0.25,0.222,0.028,0.521,0.508,0.013,0.342,0.325,0.017
Eflin, Zach,621107,2019,52,25,0.16,0.165,-0.005,0.18,0.212,-0.032,0.146,0.163,-0.017
Valera, Breyvic,591971,2019,52,40,0.234,0.218,0.016,0.383,0.319,0.064,0.298,0.269,0.029
Blandino, Alex,607468,2019,50,24,0.25,0.222,0.028,0.361,0.339,0.022,0.352,0.343,0.009
Kramer, Kevin,596012,2019,50,27,0.167,0.189,-0.022,0.19,0.325,-0.135,0.212,0.262,-0.05
Brault, Steven,643230,2019,50,41,0.333,0.271,0.062,0.429,0.376,0.053,0.332,0.283,0.049
Arrieta, Jake,453562,2019,50,30,0.156,0.203,-0.047,0.178,0.243,-0.065,0.155,0.204,-0.049
Smith, Caleb,592761,2019,49,33,0.233,0.183,0.05,0.279,0.236,0.043,0.23,0.189,0.041
Bradley, Bobby,656252,2019,49,25,0.178,0.179,-0.001,0.356,0.296,0.06,0.256,0.239,0.017
Woodruff, Brandon,605540,2019,49,28,0.267,0.233,0.034,0.356,0.307,0.049,0.272,0.238,0.034
Elmore, Jake,518653,2019,49,39,0.213,0.263,-0.05,0.234,0.347,-0.113,0.213,0.282,-0.069
Butera, Drew,460077,2019,49,31,0.163,0.174,-0.011,0.233,0.216,0.017,0.206,0.213,-0.007
Andujar, Miguel,609280,2019,49,37,0.128,0.165,-0.037,0.128,0.242,-0.114,0.121,0.192,-0.071
Reed, AJ,607223,2019,49,24,0.136,0.134,0.002,0.205,0.266,-0.061,0.185,0.204,-0.019
O'Grady, Brian,657434,2019,48,25,0.19,0.196,-0.006,0.429,0.409,0.02,0.305,0.303,0.002
Lyles, Jordan,543475,2019,48,18,0.089,0.092,-0.003,0.089,0.1,-0.011,0.104,0.108,-0.004
Ward, Taylor,621493,2019,48,19,0.19,0.187,0.003,0.333,0.297,0.036,0.275,0.262,0.013
Hanson, Alen,593700,2019,48,27,0.163,0.17,-0.007,0.163,0.195,-0.032,0.174,0.19,-0.016
Stamets, Eric,608715,2019,48,19,0.049,0.098,-0.049,0.073,0.165,-0.092,0.118,0.184,-0.066
Lauer, Eric,641778,2019,48,23,0.1,0.124,-0.024,0.15,0.197,-0.047,0.119,0.148,-0.029
Wilson, Bobby,435064,2019,47,34,0.091,0.119,-0.028,0.114,0.147,-0.033,0.113,0.139,-0.026
O'Brien, Peter,598284,2019,47,23,0.167,0.178,-0.011,0.262,0.312,-0.05,0.234,0.253,-0.019
Peterson, Dustin,640460,2019,47,30,0.227,0.175,0.052,0.318,0.241,0.077,0.259,0.211,0.048
Davis, Jaylin,664041,2019,47,31,0.167,0.231,-0.064,0.238,0.333,-0.095,0.227,0.284,-0.057
Hermosillo, Michael,641684,2019,46,18,0.139,0.147,-0.008,0.222,0.205,0.017,0.254,0.265,-0.011
Paddack, Chris,663978,2019,46,27,0.119,0.12,-0.001,0.119,0.135,-0.016,0.104,0.108,-0.004
Garcia, Aramis,605244,2019,46,21,0.143,0.156,-0.013,0.31,0.273,0.037,0.217,0.212,0.005
Senzatela, Antonio,622608,2019,46,21,0.025,0.058,-0.033,0.025,0.068,-0.043,0.038,0.07,-0.032
Hamels, Cole,430935,2019,46,29,0.143,0.184,-0.041,0.167,0.252,-0.085,0.155,0.201,-0.046
Bourjos, Peter,488721,2019,46,30,0.091,0.139,-0.048,0.114,0.197,-0.083,0.098,0.162,-0.064
Vargas, Jason,450306,2019,45,23,0.075,0.108,-0.033,0.075,0.12,-0.045,0.065,0.098,-0.033
Thomas, Lane,657041,2019,44,30,0.316,0.286,0.03,0.684,0.507,0.177,0.445,0.376,0.069
Anderson, Chase,502624,2019,44,18,0.1,0.103,-0.003,0.125,0.121,0.004,0.124,0.124,0
Williams, Trevor,592866,2019,44,25,0.167,0.152,0.015,0.167,0.171,-0.004,0.174,0.169,0.005
Beede, Tyler,595881,2019,43,17,0.105,0.082,0.023,0.105,0.096,0.009,0.135,0.123,0.012
Nunez, Dom,624513,2019,43,23,0.179,0.131,0.048,0.41,0.275,0.135,0.264,0.203,0.061
Kieboom, Carter,666198,2019,43,23,0.128,0.213,-0.085,0.282,0.392,-0.11,0.204,0.279,-0.075
Brito, Socrates,593647,2019,43,22,0.077,0.175,-0.098,0.128,0.256,-0.128,0.14,0.228,-0.088
Ravelo, Rangel,592660,2019,43,28,0.205,0.289,-0.084,0.41,0.516,-0.106,0.276,0.351,-0.075
Sierra, Magneuris,642423,2019,42,33,0.35,0.27,0.08,0.425,0.306,0.119,0.347,0.271,0.076
Archer, Chris,502042,2019,41,19,0.114,0.088,0.026,0.114,0.1,0.014,0.146,0.13,0.016
Joseph, Caleb,543376,2019,41,29,0.211,0.241,-0.03,0.263,0.331,-0.068,0.227,0.265,-0.038
Bird, Greg,595885,2019,41,19,0.171,0.194,-0.023,0.257,0.341,-0.084,0.254,0.291,-0.037
Keuchel, Dallas,572971,2019,41,12,0.132,0.079,0.053,0.158,0.095,0.063,0.138,0.091,0.047
Fraley, Jake,641584,2019,41,26,0.15,0.127,0.023,0.2,0.181,0.019,0.162,0.143,0.019
Mahle, Tyler,641816,2019,41,21,0.088,0.067,0.021,0.118,0.093,0.025,0.104,0.09,0.014
Mendick, Danny,664901,2019,40,28,0.308,0.287,0.021,0.462,0.374,0.088,0.332,0.295,0.037
Zagunis, Mark,657145,2019,40,20,0.25,0.224,0.026,0.333,0.302,0.031,0.291,0.274,0.017
Martin, Jason,641829,2019,40,26,0.25,0.286,-0.036,0.306,0.464,-0.158,0.282,0.349,-0.067
Wacha, Michael,608379,2019,39,18,0.167,0.095,0.072,0.194,0.101,0.093,0.155,0.08,0.075
Stubbs, Garrett,596117,2019,39,28,0.2,0.232,-0.032,0.286,0.304,-0.018,0.254,0.271,-0.017
Almonte, Abraham,501659,2019,38,23,0.29,0.238,0.052,0.548,0.379,0.169,0.406,0.336,0.07
Morrison, Logan,489149,2019,38,25,0.2,0.204,-0.004,0.4,0.415,-0.015,0.28,0.284,-0.004
Foltynewicz, Mike,592314,2019,38,19,0.057,0.116,-0.059,0.057,0.128,-0.071,0.05,0.099,-0.049
Stevenson, Andrew,664057,2019,37,19,0.367,0.269,0.098,0.467,0.431,0.036,0.417,0.366,0.051
Lopez, Pablo,641154,2019,36,17,0.171,0.162,0.009,0.229,0.264,-0.035,0.169,0.177,-0.008
Velasquez, Vince,592826,2019,36,25,0.233,0.23,0.003,0.333,0.275,0.058,0.267,0.25,0.017
Moroff, Max,621559,2019,35,17,0.125,0.177,-0.052,0.25,0.268,-0.018,0.185,0.218,-0.033
Roark, Tanner,543699,2019,34,21,0.152,0.19,-0.038,0.273,0.301,-0.028,0.175,0.202,-0.027
Lambert, Peter,663567,2019,34,21,0.321,0.223,0.098,0.321,0.256,0.065,0.319,0.257,0.062
Williams, Mason,592863,2019,34,25,0.267,0.31,-0.043,0.3,0.438,-0.138,0.276,0.343,-0.067
Richards, Trevor,670950,2019,34,14,0.1,0.076,0.024,0.1,0.085,0.015,0.125,0.107,0.018
Mejias-Brean, Seth,623180,2019,33,21,0.233,0.221,0.012,0.5,0.401,0.099,0.333,0.294,0.039
Sanchez, Adrian,506703,2019,32,21,0.226,0.184,0.042,0.226,0.217,0.009,0.212,0.194,0.018
Freeland, Kyle,607536,2019,31,13,0.087,0.117,-0.03,0.087,0.124,-0.037,0.147,0.173,-0.026
Trumbo, Mark,444432,2019,31,24,0.172,0.278,-0.106,0.276,0.451,-0.175,0.218,0.327,-0.109
Quantrill, Cal,615698,2019,30,23,0.08,0.106,-0.026,0.08,0.118,-0.038,0.093,0.123,-0.03
Leyba, Domingo,642736,2019,30,17,0.28,0.235,0.045,0.44,0.302,0.138,0.34,0.29,0.05
Alford, Anthony,546990,2019,30,17,0.179,0.14,0.039,0.286,0.291,-0.005,0.228,0.206,0.022
Taylor, Beau,607333,2019,30,18,0.16,0.268,-0.108,0.4,0.572,-0.172,0.303,0.404,-0.101
Rodriguez, Dereck,605446,2019,29,12,0.172,0.122,0.05,0.172,0.148,0.024,0.15,0.117,0.033
Wisdom, Patrick,621550,2019,28,12,0.154,0.147,0.007,0.192,0.252,-0.06,0.167,0.182,-0.015
Gonzalez, Gio,461829,2019,28,10,0.04,0.051,-0.011,0.04,0.059,-0.019,0.06,0.074,-0.014
Anderson, Shaun,641312,2019,28,8,0.08,0.063,0.017,0.12,0.15,-0.03,0.108,0.109,-0.001
Houser, Adrian,605288,2019,27,8,0.045,0.076,-0.031,0.091,0.105,-0.014,0.108,0.128,-0.02
Pivetta, Nick,601713,2019,27,7,0.08,0.045,0.035,0.08,0.048,0.032,0.093,0.063,0.03
Gausman, Kevin,592332,2019,27,9,0.037,0.058,-0.021,0.037,0.073,-0.036,0.032,0.061,-0.029
Strahm, Matt,621381,2019,27,13,0.286,0.248,0.038,0.381,0.32,0.061,0.317,0.281,0.036
Mejia, Erick,625510,2019,27,16,0.227,0.164,0.063,0.273,0.189,0.084,0.276,0.235,0.041
Yamamoto, Jordan,657141,2019,26,16,0.048,0.116,-0.068,0.048,0.13,-0.082,0.071,0.134,-0.063
Gerber, Mike,595222,2019,26,9,0.042,0.107,-0.065,0.083,0.158,-0.075,0.1,0.157,-0.057
Cowart, Kaleb,592230,2019,26,18,0.16,0.197,-0.037,0.28,0.236,0.044,0.2,0.208,-0.008
LaMarre, Ryan,534606,2019,26,18,0.217,0.282,-0.065,0.478,0.579,-0.101,0.329,0.394,-0.065
Davis, Rajai,434658,2019,26,20,0.2,0.27,-0.07,0.4,0.389,0.011,0.262,0.292,-0.03
Court, Ryan,606956,2019,25,13,0.208,0.246,-0.038,0.375,0.394,-0.019,0.258,0.282,-0.024
Stroman, Marcus,573186,2019,25,12,0.043,0.163,-0.12,0.043,0.174,-0.131,0.038,0.141,-0.103
Chacin, Jhoulys,468504,2019,25,14,0.125,0.112,0.013,0.25,0.176,0.074,0.175,0.142,0.033
Mahtook, Mikie,543484,2019,25,12,0,0.103,-0.103,0,0.276,-0.276,0.055,0.197,-0.142
Young, Alex,622065,2019,25,7,0.04,0.038,0.002,0.04,0.042,-0.002,0.035,0.037,-0.002
Clarke, Taylor,664199,2019,25,15,0.25,0.173,0.077,0.375,0.226,0.149,0.262,0.17,0.092
Hoffman, Jeff,656546,2019,24,15,0.238,0.213,0.025,0.238,0.245,-0.007,0.207,0.195,0.012
Stripling, Ross,548389,2019,24,15,0.15,0.187,-0.037,0.15,0.199,-0.049,0.181,0.213,-0.032
Lamet, Dinelson,659275,2019,24,13,0.143,0.124,0.019,0.143,0.136,0.007,0.124,0.115,0.009
Jankowski, Travis,608671,2019,24,18,0.182,0.185,-0.003,0.182,0.216,-0.034,0.203,0.216,-0.013
Agrazal, Dario,642607,2019,24,15,0.091,0.118,-0.027,0.091,0.13,-0.039,0.076,0.107,-0.031
Leake, Mike,502190,2019,24,12,0.048,0.101,-0.053,0.048,0.115,-0.067,0.071,0.116,-0.045
Pirela, Jose,517369,2019,24,15,0.182,0.183,-0.001,0.364,0.392,-0.028,0.262,0.272,-0.01
Gonzalez, Chi Chi,592346,2019,24,9,0.042,0.062,-0.02,0.042,0.071,-0.029,0.036,0.058,-0.022
Adames, Cristhian,542436,2019,24,14,0.318,0.259,0.059,0.364,0.31,0.054,0.326,0.281,0.045
Gallen, Zac,668678,2019,24,16,0.105,0.116,-0.011,0.105,0.139,-0.034,0.092,0.107,-0.015
Velazquez, Andrew,623205,2019,24,10,0.087,0.12,-0.033,0.174,0.192,-0.018,0.13,0.15,-0.02
Hernandez, Elieser,622694,2019,24,13,0.053,0.054,-0.001,0.053,0.062,-0.009,0.078,0.085,-0.007
Godley, Zack,643327,2019,23,10,0.158,0.111,0.047,0.158,0.143,0.015,0.213,0.187,0.026
Arozarena, Randy,668227,2019,23,16,0.3,0.265,0.035,0.5,0.432,0.068,0.38,0.348,0.032
Lin, Tzu-Wei,624407,2019,22,14,0.2,0.113,0.087,0.3,0.152,0.148,0.252,0.161,0.091
Urena, Jose,570632,2019,22,7,0,0.022,-0.022,0,0.024,-0.024,0.035,0.058,-0.023
Flaherty, Ryan,475247,2019,22,15,0.143,0.262,-0.119,0.238,0.389,-0.151,0.157,0.274,-0.117
Bauer, Trevor,545333,2019,22,8,0.158,0.09,0.068,0.158,0.107,0.051,0.19,0.15,0.04
Pedroia, Dustin,456030,2019,21,18,0.1,0.187,-0.087,0.1,0.242,-0.142,0.116,0.202,-0.086
Bonifacio, Jorge,593528,2019,21,13,0.35,0.22,0.13,0.5,0.321,0.179,0.372,0.253,0.119
Chatwood, Tyler,543022,2019,21,14,0.167,0.158,0.009,0.278,0.23,0.048,0.21,0.187,0.023
Weaver, Luke,596133,2019,21,10,0.105,0.115,-0.01,0.263,0.222,0.041,0.141,0.141,0
Fedde, Erick,607200,2019,20,14,0.133,0.173,-0.04,0.133,0.198,-0.065,0.116,0.158,-0.042
Smyly, Drew,592767,2019,20,10,0,0.044,-0.044,0,0.046,-0.046,0.035,0.073,-0.038
Cordero, Franchy,614173,2019,20,9,0.333,0.239,0.094,0.4,0.353,0.047,0.373,0.343,0.03
Hill, Rich,448179,2019,20,10,0.167,0.136,0.031,0.222,0.153,0.069,0.192,0.153,0.039
Davis, Taylor,543089,2019,20,14,0.167,0.264,-0.097,0.333,0.451,-0.118,0.253,0.335,-0.082
Freitas, David,571679,2019,20,11,0.067,0.147,-0.08,0.067,0.262,-0.195,0.182,0.283,-0.101
Rivera, Rene,425784,2019,20,13,0.235,0.221,0.014,0.412,0.292,0.12,0.331,0.279,0.052
Ross, Joe,605452,2019,20,9,0.105,0.086,0.019,0.105,0.098,0.007,0.122,0.117,0.005
Shaw, Chris,622046,2019,20,10,0.056,0.132,-0.076,0.056,0.172,-0.116,0.113,0.19,-0.077
Pomeranz, Drew,519141,2019,20,7,0,0.052,-0.052,0,0.059,-0.059,0,0.048,-0.048
Walton, Donnie,622268,2019,19,11,0.188,0.161,0.027,0.188,0.211,-0.023,0.246,0.24,0.006
Eickhoff, Jerad,595191,2019,19,11,0,0.056,-0.056,0,0.072,-0.072,0.046,0.106,-0.06
Lavarnway, Ryan,543432,2019,19,13,0.278,0.21,0.068,0.722,0.494,0.228,0.414,0.305,0.109
Urias, Julio,628711,2019,18,13,0.25,0.127,0.123,0.25,0.148,0.102,0.254,0.163,0.091
Wong, Kean,642221,2019,18,12,0.167,0.204,-0.037,0.167,0.221,-0.054,0.145,0.183,-0.038
Centeno, Juan,518542,2019,18,13,0.133,0.201,-0.068,0.133,0.254,-0.121,0.213,0.278,-0.065
Graterol, Juan,492802,2019,18,14,0.222,0.238,-0.016,0.222,0.297,-0.075,0.193,0.23,-0.037
Torreyes, Ronald,591720,2019,17,13,0.188,0.114,0.074,0.188,0.134,0.054,0.196,0.15,0.046
Haase, Eric,606992,2019,17,8,0.063,0.121,-0.058,0.25,0.371,-0.121,0.155,0.226,-0.071
Miller, Ian,641878,2019,17,14,0.176,0.249,-0.073,0.235,0.306,-0.071,0.174,0.237,-0.063
Margevicius, Nick,676606,2019,17,10,0.2,0.203,-0.003,0.2,0.24,-0.04,0.174,0.19,-0.016
Joe, Connor,656582,2019,16,10,0.067,0.196,-0.129,0.067,0.212,-0.145,0.098,0.211,-0.113
Holland, Derek,502706,2019,16,5,0.071,0.02,0.051,0.071,0.023,0.048,0.104,0.067,0.037
Torrens, Luis,620443,2019,16,8,0.214,0.239,-0.025,0.286,0.359,-0.073,0.271,0.302,-0.031
Peralta, Freddy,642547,2019,16,10,0.133,0.125,0.008,0.133,0.143,-0.01,0.116,0.111,0.005
Green, Zach,608339,2019,16,8,0.143,0.173,-0.03,0.214,0.202,0.012,0.217,0.229,-0.012
Schwindel, Frank,643524,2019,15,13,0.067,0.171,-0.104,0.067,0.236,-0.169,0.058,0.17,-0.112
Jackson, Alex,656577,2019,15,8,0,0.109,-0.109,0,0.141,-0.141,0.051,0.153,-0.102
Gale, Rocky,502570,2019,15,8,0.133,0.155,-0.022,0.133,0.189,-0.056,0.116,0.151,-0.035
Parker, Jarrett,592620,2019,15,4,0,0.068,-0.068,0,0.089,-0.089,0.138,0.194,-0.056
Zimmer, Bradley,605548,2019,14,6,0,0.114,-0.114,0,0.174,-0.174,0.049,0.162,-0.113
Gonsolin, Tony,664062,2019,14,10,0.308,0.247,0.061,0.308,0.315,-0.007,0.268,0.237,0.031
Noll, Jake,669738,2019,13,8,0.167,0.162,0.005,0.25,0.188,0.062,0.214,0.189,0.025
Tulowitzki, Troy,453064,2019,13,7,0.182,0.188,-0.006,0.545,0.339,0.206,0.349,0.295,0.054
Hellickson, Jeremy,476451,2019,13,7,0.111,0.097,0.014,0.111,0.102,0.009,0.205,0.185,0.02
Taylor, Tyrone,621438,2019,12,9,0.4,0.257,0.143,0.6,0.279,0.321,0.465,0.31,0.155
Ponce de Leon, Daniel,594965,2019,12,7,0,0.04,-0.04,0,0.045,-0.045,0.069,0.101,-0.032
Zavala, Seby,664874,2019,12,3,0.083,0.108,-0.025,0.083,0.125,-0.042,0.073,0.101,-0.028
Mills, Alec,621219,2019,12,6,0.083,0.084,-0.001,0.083,0.093,-0.01,0.073,0.075,-0.002
Wood, Alex,622072,2019,12,7,0.222,0.167,0.055,0.222,0.204,0.018,0.193,0.167,0.026
Heineman, Tyler,623168,2019,12,8,0.273,0.233,0.04,0.636,0.319,0.317,0.366,0.231,0.135
May, Dustin,669160,2019,11,7,0.091,0.07,0.021,0.091,0.076,0.015,0.079,0.071,0.008
Read, Raudy,600466,2019,11,6,0.091,0.142,-0.051,0.091,0.168,-0.077,0.079,0.142,-0.063
Taillon, Jameson,592791,2019,11,8,0.25,0.124,0.126,0.25,0.18,0.07,0.218,0.142,0.076
Bolt, Skye,621450,2019,11,7,0.1,0.243,-0.143,0.2,0.443,-0.243,0.173,0.318,-0.145
Keller, Mitch,656605,2019,11,8,0,0.082,-0.082,0,0.083,-0.083,0,0.068,-0.068
Dugger, Robert,667498,2019,11,5,0,0.103,-0.103,0,0.143,-0.143,0,0.104,-0.104
Webb, Logan,657277,2019,11,8,0.111,0.187,-0.076,0.111,0.224,-0.113,0.156,0.223,-0.067
McKay, Brendan,656713,2019,11,8,0.2,0.257,-0.057,0.5,0.621,-0.121,0.318,0.379,-0.061
Keller, Brad,641745,2019,10,4,0.125,0.129,-0.004,0.125,0.151,-0.026,0.173,0.179,-0.006
Baron, Steven,571467,2019,10,4,0.2,0.138,0.062,0.3,0.159,0.141,0.209,0.125,0.084
Melville, Tim,543532,2019,10,7,0.25,0.176,0.074,0.25,0.197,0.053,0.218,0.159,0.059
Minor, Mike,501985,2019,10,4,0,0.109,-0.109,0,0.135,-0.135,0,0.102,-0.102
Bettis, Chad,518452,2019,10,6,0,0.032,-0.032,0,0.044,-0.044,0.197,0.22,-0.023
Voth, Austin,608723,2019,10,7,0.111,0.197,-0.086,0.111,0.255,-0.144,0.097,0.192,-0.095
Toussaint, Touki,657053,2019,10,3,0,0.08,-0.08,0,0.283,-0.283,0,0.141,-0.141
Sosa, Edmundo,624641,2019,10,6,0.25,0.315,-0.065,0.25,0.382,-0.132,0.315,0.377,-0.062
Grullon, Deivy,620453,2019,9,7,0.111,0.181,-0.07,0.222,0.263,-0.041,0.135,0.183,-0.048
Wilson, Bryse,669060,2019,9,3,0.222,0.1,0.122,0.222,0.105,0.117,0.193,0.087,0.106
Rodriguez, Eduardo,593958,2019,9,6,0,0.068,-0.068,0,0.069,-0.069,0,0.059,-0.059
Tejada, Ruben,514913,2019,9,6,0,0.092,-0.092,0,0.117,-0.117,0,0.084,-0.084
Anderson, Tyler,542881,2019,8,4,0.143,0.169,-0.026,0.143,0.179,-0.036,0.124,0.151,-0.027
Newcomb, Sean,656794,2019,8,1,0,0.006,-0.006,0,0.013,-0.013,0,0.008,-0.008
Paxton, James,572020,2019,8,3,0,0,0,0,0,0,0,0,0
German, Domingo,593334,2019,8,1,0,0.018,-0.018,0,0.02,-0.02,0,0.017,-0.017
Colon, Christian,518568,2019,8,6,0.5,0.103,0.397,0.5,0.129,0.371,0.506,0.257,0.249
Anderson, Brett,474463,2019,8,6,0.5,0.281,0.219,0.5,0.317,0.183,0.435,0.264,0.171
Burnes, Corbin,669203,2019,8,6,0.286,0.255,0.031,0.286,0.284,0.002,0.249,0.23,0.019
Duplantier, Jon,641541,2019,8,3,0.125,0.061,0.064,0.125,0.066,0.059,0.109,0.055,0.054
Sims, Lucas,608371,2019,8,3,0.125,0.043,0.082,0.125,0.049,0.076,0.109,0.041,0.068
Turnbull, Spencer,605513,2019,8,1,0,0,0,0,0,0,0,0,0
Reed, Michael,605439,2019,8,2,0,0.018,-0.018,0,0.021,-0.021,0,0.016,-0.016
Lowrie, Jed,476704,2019,8,3,0,0.086,-0.086,0,0.097,-0.097,0.086,0.16,-0.074
Irvin, Cole,608344,2019,8,4,0.167,0.106,0.061,0.167,0.125,0.042,0.281,0.246,0.035
Kingham, Nick,592468,2019,8,2,0,0.013,-0.013,0,0.014,-0.014,0.173,0.183,-0.01
Avelino, Abiatal,623214,2019,8,4,0.286,0.175,0.111,0.286,0.184,0.102,0.304,0.222,0.082
McRae, Alex,656725,2019,7,4,0.333,0.2,0.133,0.333,0.248,0.085,0.29,0.193,0.097
Cole, Gerrit,543037,2019,7,2,0,0.007,-0.007,0,0.01,-0.01,0,0.011,-0.011
Lockett, Walker,621141,2019,7,2,0.167,0.182,-0.015,0.167,0.279,-0.112,0.223,0.265,-0.042
Nottingham, Jacob,641924,2019,7,4,0.333,0.145,0.188,0.833,0.266,0.567,0.504,0.246,0.258
Robinson, Drew,592685,2019,7,4,0.143,0.121,0.022,0.143,0.138,0.005,0.124,0.11,0.014
Perdomo, Luis,606131,2019,7,5,0.143,0.132,0.011,0.143,0.156,-0.013,0.124,0.125,-0.001
Castillo, Wilkin,446868,2019,7,4,0.143,0.058,0.085,0.286,0.116,0.17,0.174,0.071,0.103
Gonzales, Marco,594835,2019,6,2,0.2,0.185,0.015,0.4,0.227,0.173,0.243,0.177,0.066
Montgomery, Mike,543557,2019,6,3,0.167,0.155,0.012,0.167,0.192,-0.025,0.145,0.148,-0.003
Suzuki, Ichiro,400085,2019,6,4,0,0.016,-0.016,0,0.013,-0.013,0.115,0.124,-0.009
Norris, Daniel,596057,2019,6,3,0.167,0.194,-0.027,0.167,0.206,-0.039,0.145,0.175,-0.03
Koch, Matt,571863,2019,6,1,0,0.01,-0.01,0,0.016,-0.016,0,0.011,-0.011
Miley, Wade,489119,2019,6,4,0,0.062,-0.062,0,0.07,-0.07,0.138,0.175,-0.037
Ciuffo, Nick,624419,2019,6,3,0.167,0.158,0.009,0.167,0.177,-0.01,0.145,0.148,-0.003
Tomas, Yasmany,630111,2019,6,2,0,0.088,-0.088,0,0.089,-0.089,0,0.063,-0.063
Tinoco, Jesus,622786,2019,6,2,0.2,0.051,0.149,0.2,0.054,0.146,0.174,0.045,0.129
Andriese, Matt,542882,2019,6,3,0,0.069,-0.069,0,0.067,-0.067,0,0.057,-0.057
Tomlin, Josh,458708,2019,6,3,0,0.126,-0.126,0,0.135,-0.135,0,0.112,-0.112
Porcello, Rick,519144,2019,6,4,0,0.028,-0.028,0,0.046,-0.046,0,0.023,-0.023
Wright, Kyle,657140,2019,6,2,0,0.032,-0.032,0,0.036,-0.036,0,0.031,-0.031
Nova, Ivan,467100,2019,5,1,0,0.13,-0.13,0,0.138,-0.138,0,0.115,-0.115
Guerra, Javy,457915,2019,5,3,0,0.123,-0.123,0,0.148,-0.148,0,0.12,-0.12
Brach, Brad,542960,2019,5,4,0.25,0.435,-0.185,0.25,0.513,-0.263,0.218,0.409,-0.191
Suarez, Ranger,624133,2019,5,3,0.25,0.043,0.207,0.25,0.043,0.207,0.218,0.034,0.184
Holmes, Clay,605280,2019,5,1,0,0.015,-0.015,0,0.015,-0.015,0,0.013,-0.013
Allen, Logan,663531,2019,5,4,0.25,0.195,0.055,0.25,0.224,0.026,0.318,0.289,0.029
Alzolay, Adbert,640470,2019,5,3,0,0.102,-0.102,0,0.112,-0.112,0,0.092,-0.092
Noesi, Hector,456051,2019,5,2,0.25,0.065,0.185,0.25,0.08,0.17,0.218,0.064,0.154
Bailey, Homer,456701,2019,5,4,0.4,0.348,0.052,0.4,0.405,-0.005,0.348,0.32,0.028
Almonte, Yency,622075,2019,5,2,0,0.118,-0.118,0,0.202,-0.202,0,0.13,-0.13
Bieber, Shane,669456,2019,5,2,0,0.034,-0.034,0,0.039,-0.039,0,0.032,-0.032
Chen, Wei-Yin,612672,2019,5,1,0,0.056,-0.056,0,0.069,-0.069,0,0.054,-0.054
Marrero, Deven,571918,2019,5,2,0,0.204,-0.204,0,0.232,-0.232,0,0.19,-0.19
Bolanos, Ronald,671790,2019,5,1,0,0.09,-0.09,0,0.093,-0.093,0,0.076,-0.076
Adduci, Jim,451192,2019,5,2,0,0.077,-0.077,0,0.085,-0.085,0,0.083,-0.083
Bassitt, Chris,605135,2019,5,3,0,0.201,-0.201,0,0.232,-0.232,0,0.186,-0.186
Berrios, Jose,621244,2019,5,0,0,,,0,,,0.138,0.138,0
McFarland, T.J.,519008,2019,5,2,0,0,0,0,0,0,0,0,0
Gibson, Kyle,502043,2019,4,2,0,0,0,0,0,0,0.345,0.345,0
Duffy, Danny,518633,2019,4,2,0.25,0.067,0.183,0.25,0.069,0.181,0.218,0.063,0.155
Pineda, Michael,501381,2019,4,3,0,0.118,-0.118,0,0.138,-0.138,0,0.11,-0.11
Jackson, Drew,623515,2019,4,2,0,0.062,-0.062,0,0.063,-0.063,0.173,0.213,-0.04
Gagnon, Drew,543193,2019,4,4,0.333,0.462,-0.129,0.333,0.611,-0.278,0.29,0.447,-0.157
DuRapau, Montana,657566,2019,4,2,0.25,0.071,0.179,0.25,0.084,0.166,0.218,0.068,0.15
Stratton, Chris,608717,2019,4,2,0,0.038,-0.038,0,0.043,-0.043,0,0.026,-0.026
Marvel, James,621086,2019,4,2,0,0.078,-0.078,0,0.108,-0.108,0,0.075,-0.075
Erlin, Robbie,572362,2019,4,4,0,0.052,-0.052,0,0.054,-0.054,0,0.044,-0.044
Davis, Johnny,643275,2019,4,2,0.25,0.243,0.007,0.75,0.293,0.457,0.382,0.23,0.152
Urquidy, Jose,664353,2019,4,1,0,0.055,-0.055,0,0.06,-0.06,0,0.052,-0.052
Brooks, Aaron,605156,2019,4,3,0,0.094,-0.094,0,0.092,-0.092,0,0.077,-0.077
Haggerty, Sam,664059,2019,4,1,0,0.005,-0.005,0,0.008,-0.008,0,0.006,-0.006
Font, Wilmer,521655,2019,4,2,0.333,0.097,0.236,0.333,0.106,0.227,0.29,0.086,0.204
Cabrera, Genesis,650893,2019,4,0,0,,,0,,,0,0,0
Hess, David,605276,2019,4,3,0,0.174,-0.174,0,0.192,-0.192,0,0.157,-0.157
Maton, Phil,664208,2019,4,2,0.25,0.163,0.087,0.25,0.18,0.07,0.218,0.149,0.069
Lopez, Reynaldo,625643,2019,4,1,0,0.003,-0.003,0,0.003,-0.003,0,0.003,-0.003
Happ, J.A.,457918,2019,4,4,0,0.054,-0.054,0,0.054,-0.054,0,0.022,-0.022
Cueto, Johnny,456501,2019,4,1,0,0.003,-0.003,0,0.003,-0.003,0,0.003,-0.003
Giolito, Lucas,608337,2019,4,1,0.25,0.213,0.037,0.25,0.244,0.006,0.218,0.195,0.023
Mazza, Chris,607391,2019,3,2,0,0.058,-0.058,0,0.057,-0.057,0,0.048,-0.048
Vincent, Nick,543883,2019,3,0,0,,,0,,,0,0,0
Suarez, Andrew,605498,2019,3,2,0,0.145,-0.145,0,0.148,-0.148,0,0.145,-0.145
McGowin, Kyle,641851,2019,3,3,0.333,0.293,0.04,0.333,0.369,-0.036,0.29,0.282,0.008
Kelly, Joe,523260,2019,3,1,0,0,0,0,0,0,0,0,0
Sadler, Casey,594987,2019,3,2,0,0.127,-0.127,0,0.172,-0.172,0,0.122,-0.122
Odorizzi, Jake,543606,2019,3,3,0,0.54,-0.54,0,0.668,-0.668,0,0.516,-0.516
Cahill, Trevor,502239,2019,3,2,0.333,0.232,0.101,0.333,0.429,-0.096,0.29,0.277,0.013
Nelson, Jimmy,519076,2019,3,0,0,,,0,,,0,0,0
Oswalt, Corey,621261,2019,3,2,0,0,0,0,0,0,0,0.041,-0.041
Perez, Martin,527048,2019,3,1,0,0.047,-0.047,0,0.052,-0.052,0,0.045,-0.045
Wilkerson, Aaron,658792,2019,3,2,0.333,0.163,0.17,1.333,0.487,0.846,0.647,0.262,0.385
Richards, Garrett,572070,2019,3,2,0,0.038,-0.038,0,0.038,-0.038,0,0.033,-0.033
Stewart, Brock,592779,2019,3,3,0.333,0.298,0.035,0.667,0.377,0.29,0.406,0.287,0.119
Skaggs, Tyler,572140,2019,3,1,0,0.041,-0.041,0,0.038,-0.038,0.23,0.252,-0.022
Ryan, Kyle,594986,2019,3,1,0,0.286,-0.286,0,0.377,-0.377,0.23,0.418,-0.188
Menez, Conner,669214,2019,3,3,0,0.06,-0.06,0,0.067,-0.067,0,0.053,-0.053
Means, John,607644,2019,3,2,1,0.045,0.955,1,0.043,0.957,0.78,0.364,0.416
Doolittle, Sean,448281,2019,3,1,0,0.018,-0.018,0,0.023,-0.023,0,0.018,-0.018
Markel, Parker,571917,2019,3,2,0,0.058,-0.058,0,0.064,-0.064,0,0.055,-0.055
Thornton, Trent,663423,2019,3,3,0.667,0.539,0.128,0.667,0.576,0.091,0.58,0.482,0.098
Grace, Matt,594840,2019,3,0,0,,,0,,,0,0,0
Hernandez, Felix,433587,2019,3,1,0,0.05,-0.05,0,0.055,-0.055,0,0.046,-0.046
Waguespack, Jacob,621097,2019,3,0,0,,,0,,,0.23,0.23,0
Parsons, Wes,641149,2019,3,0,0,,,0,,,0.23,0.23,0
Gallegos, Giovanny,606149,2019,3,2,0,0.083,-0.083,0,0.086,-0.086,0,0.074,-0.074
Guerra, Junior,448855,2019,3,1,0.333,0.045,0.288,0.333,0.045,0.288,0.29,0.035,0.255
Sabathia, CC,282332,2019,3,1,0,0.158,-0.158,0,0.243,-0.243,0,0.164,-0.164
Beeks, Jalen,656222,2019,3,1,0,0.032,-0.032,0,0.026,-0.026,0,0.023,-0.023
Cashner, Andrew,488768,2019,3,3,0,0.11,-0.11,0,0.118,-0.118,0,0.093,-0.093
Helsley, Ryan,664854,2019,3,1,0.333,0.022,0.311,0.333,0.021,0.312,0.29,0.019,0.271
Gant, John,607231,2019,3,1,0,0.023,-0.023,0,0.058,-0.058,0,0.031,-0.031
Miller, Shelby,571946,2019,3,0,0,,,0,,,0.46,0.46,0
Jackson, Edwin,429719,2019,3,1,0,0.189,-0.189,0,0.202,-0.202,0,0.164,-0.164
Civale, Aaron,650644,2019,2,1,0,0.114,-0.114,0,0.115,-0.115,0,0.099,-0.099
Price, David,456034,2019,2,1,0.5,0.071,0.429,0.5,0.112,0.388,0.435,0.114,0.321
Junis, Jakob,596001,2019,2,2,0,0.131,-0.131,0,0.141,-0.141,0,0.117,-0.117
Suter, Brent,608718,2019,2,1,0,0.076,-0.076,0,0.091,-0.091,0,0.089,-0.089
Avila, Pedro,658648,2019,2,2,0,0.215,-0.215,0,0.232,-0.232,0,0.2,-0.2
Sherfy, Jimmie,642073,2019,2,0,0,,,0,,,0,0,0
Montas, Frankie,593423,2019,2,1,0,0.142,-0.142,0,0.139,-0.139,0.345,0.403,-0.058
Flexen, Chris,623167,2019,2,2,0.5,0.429,0.071,0.5,0.473,0.027,0.435,0.381,0.054
Sparkman, Glenn,642098,2019,2,2,0,0.227,-0.227,0,0.245,-0.245,0,0.201,-0.201
Chavez, Jesse,445926,2019,2,1,0.5,0.394,0.106,0.5,0.447,0.053,0.435,0.362,0.073
Ferguson, Caleb,657571,2019,2,2,0.5,0.156,0.344,1,0.169,0.831,0.609,0.154,0.455
Hart, Donnie,643354,2019,2,1,0,0.024,-0.024,0,0.025,-0.025,0,0.021,-0.021
Covey, Dylan,592229,2019,2,1,0,0.028,-0.028,0,0.031,-0.031,0,0.025,-0.025
Ramirez, Yefry,606162,2019,2,2,0,0.18,-0.18,0,0.218,-0.218,0,0.172,-0.172
Sandoval, Patrick,663776,2019,2,0,0,,,0,,,0,0,0
Carpenter, Ryan,543001,2019,2,1,0,0.021,-0.021,0,0.018,-0.018,0,0.015,-0.015
Iglesias, Raisel,628452,2019,2,1,0,0.058,-0.058,0,0.058,-0.058,0,0.04,-0.04
Eovaldi, Nathan,543135,2019,2,1,0,0.066,-0.066,0,0.07,-0.07,0,0.061,-0.061
Smith, Will,519293,2019,2,2,1,0.852,0.148,1,0.957,0.043,0.87,0.778,0.092
Swanson, Erik,657024,2019,2,1,0,0.071,-0.071,0,0.079,-0.079,0,0.068,-0.068
Morton, Charlie,450203,2019,2,0,0,,,0,,,0,0,0
Floro, Dylan,571670,2019,2,1,0,0.038,-0.038,0,0.038,-0.038,0,0.033,-0.033
LeBlanc, Wade,453281,2019,2,1,,,,,,,0.69,0.69,0
Lopez, Jorge,605347,2019,2,2,0,0.638,-0.638,0,0.707,-0.707,0,0.587,-0.587
Sheffield, Justus,656954,2019,2,0,0,,,0,,,0,0,0
Clevinger, Mike,605182,2019,2,1,0,0.038,-0.038,0,0.038,-0.038,0,0.033,-0.033
Santana, Dennis,642701,2019,2,2,0.5,0.478,0.022,0.5,0.52,-0.02,0.435,0.423,0.012
Mengden, Daniel,596043,2019,2,0,0,,,0,,,0,0,0
Sanchez, Aaron,592717,2019,2,2,0,0.295,-0.295,0,0.393,-0.393,0,0.286,-0.286
Bundy, Dylan,605164,2019,2,0,0,,,0,,,0,0,0
Detwiler, Ross,446321,2019,2,1,0,0.114,-0.114,0,0.118,-0.118,0,0.098,-0.098
Kikuchi, Yusei,579328,2019,2,1,0,0,0,0,0,0,0,0,0
Allard, Kolby,663465,2019,2,2,0,0.051,-0.051,0,0.104,-0.104,0,0.059,-0.059
Lynn, Lance,458681,2019,2,0,0,,,0,,,0,0,0
Hader, Josh,623352,2019,2,1,0,0.038,-0.038,0,0.04,-0.04,0,0.033,-0.033
Sobotka, Chad,656977,2019,2,0,0,,,0,,,0,0,0
Glasnow, Tyler,607192,2019,2,1,0,0.174,-0.174,0,0.174,-0.174,0,0.152,-0.152
Nicasio, Juan,504379,2019,2,1,0,0.145,-0.145,0,0.157,-0.157,0,0.133,-0.133
Wieck, Brad,623364,2019,2,1,0,0.028,-0.028,0,0.025,-0.025,0,0.022,-0.022
Vazquez, Felipe,553878,2019,2,2,0,0.133,-0.133,0,0.136,-0.136,0,0.111,-0.111
Chirinos, Yonny,630023,2019,2,0,0,,,0,,,0,0,0
Walding, Mitch,605520,2019,2,0,0,,,0,,,0,0,0
Canning, Griffin,656288,2019,2,1,0,0.045,-0.045,0,0.047,-0.047,0,0.038,-0.038
Soto, Gregory,642397,2019,2,2,1,0.639,0.361,1,0.731,0.269,0.87,0.587,0.283
Barria, Jaime,642545,2019,2,1,0,0.013,-0.013,0,0.013,-0.013,0,0.005,-0.005
Eshelman, Tom,664045,2019,2,2,0,0.001,-0.001,0,0.002,-0.002,0,0.002,-0.002
Cishek, Steve,518553,2019,2,2,0,0.154,-0.154,0,0.153,-0.153,0,0.125,-0.125
Escobar, Luis,650813,2019,2,1,0,0.084,-0.084,0,0.106,-0.106,0,0.085,-0.085
Verlander, Justin,434378,2019,2,1,0,0.021,-0.021,0,0.034,-0.034,0,0.026,-0.026
Cuevas, Noel,571595,2019,2,2,0,0.079,-0.079,0,0.109,-0.109,0,0.1,-0.1
Suarez, Jose,660761,2019,2,1,0,0.038,-0.038,0,0.031,-0.031,0,0.027,-0.027
Sampson, Adrian,592716,2019,2,1,0,0.111,-0.111,0,0.104,-0.104,0,0.09,-0.09
Hughes, Jared,453172,2019,2,1,0,0.001,-0.001,0,0,0,0,0,0
Boyd, Matthew,571510,2019,2,1,0.5,0.243,0.257,0.5,0.282,0.218,0.435,0.227,0.208
Romano, Sal,607219,2019,2,1,0,0.061,-0.061,0,0.073,-0.073,0,0.076,-0.076
Barrera, Tres,668663,2019,2,2,0,0.101,-0.101,0,0.122,-0.122,0,0.095,-0.095
Plutko, Adam,592644,2019,2,1,0,0.078,-0.078,0,0.077,-0.077,0,0.063,-0.063
Zimmermann, Jordan,519455,2019,2,0,0,,,0,,,0,0,0
Milone, Tommy,543548,2019,2,1,0,0.047,-0.047,0,0.063,-0.063,0,0.062,-0.062
Pena, Felix,570240,2019,2,2,0,0.068,-0.068,0,0.081,-0.081,0,0.066,-0.066
Liriano, Francisco,434538,2019,2,1,1,0.118,0.882,1,0.163,0.837,0.78,0.43,0.35
Jackson, Jay,543351,2019,2,0,0,,,0,,,0,0,0
Garcia, Yimi,554340,2019,2,1,0,0.038,-0.038,0,0.038,-0.038,0,0.033,-0.033
Green, Chad,643338,2019,1,0,0,,,0,,,0,0,0
Bradley, Archie,605151,2019,1,0,0,,,0,,,0,0,0
Sewald, Paul,623149,2019,1,1,0,0.308,-0.308,0,0.371,-0.371,0,0.301,-0.301
Brantly, Rob,542963,2019,1,0,0,,,0,,,0,0,0
Diaz, Miguel,622766,2019,1,0,0,,,0,,,0,0,0
Gsellman, Robert,607229,2019,1,0,,,,,,,0.69,0.69,0
Reyes, Gerardo,622103,2019,1,0,0,,,0,,,0,0,0
Hudson, Joe,621529,2019,1,0,0,,,0,,,0,0,0
Drake, Oliver,543118,2019,1,1,1,0.36,0.64,1,0.386,0.614,0.87,0.317,0.553
Luciano, Elvis,672773,2019,1,0,0,,,0,,,0,0,0
Underwood Jr., Duane,621249,2019,1,0,0,,,0,,,0,0,0
Garcia, Rico,670329,2019,1,0,0,,,0,,,0,0,0
Pagan, Emilio,641941,2019,1,0,0,,,0,,,0,0,0
Lyons, Tyler,544928,2019,1,1,0,0.04,-0.04,0,0.04,-0.04,0,0.03,-0.03
Oberg, Scott,623184,2019,1,0,0,,,0,,,0,0,0
Dominguez, Seranthony,622554,2019,1,0,0,,,0,,,0,0,0
Martinez, Carlos,593372,2019,1,0,0,,,0,,,0,0,0
Carle, Shane,641438,2019,1,0,0,,,0,,,0,0,0
Petit, Yusmeiro,433589,2019,1,1,0,0.231,-0.231,0,0.259,-0.259,0,0.231,-0.231
Plesac, Zach,668676,2019,1,1,,,,,,,,,
Dunn, Justin,643290,2019,1,0,0,,,0,,,0,0,0
Adams, Austin,613534,2019,1,0,0,,,0,,,0,0,0
Williams, Devin,642207,2019,1,0,0,,,0,,,0,0,0
Conley, Adam,543045,2019,1,1,0,0.14,-0.14,0,0.171,-0.171,0,0.126,-0.126
Williams, Taylor,592865,2019,1,0,0,,,0,,,0,0,0
Allen, Cody,592102,2019,1,0,0,,,0,,,0,0,0
Cozens, Dylan,622226,2019,1,1,0,0.06,-0.06,0,0.066,-0.066,0,0.067,-0.067
Wisler, Matt,605538,2019,1,1,0,0.198,-0.198,0,0.198,-0.198,0,0.169,-0.169
Velazquez, Hector,584171,2019,1,0,0,,,0,,,0,0,0
Anderson, Tanner,664196,2019,1,0,0,,,0,,,0,0,0
Kluber, Corey,446372,2019,1,0,0,,,0,,,0,0,0
Webb, Jacob,657097,2019,1,0,0,,,0,,,0,0,0
Gustave, Jandel,594311,2019,1,0,0,,,0,,,0,0,0
Chargois, JT,608638,2019,1,0,0,,,0,,,0,0,0
Brebbia, John,605154,2019,1,1,1,0.955,0.045,1,1.004,-0.004,0.87,0.845,0.025
Osich, Josh,592612,2019,1,1,,,,,,,,,
Davis, Rookie,606959,2019,1,1,0,0.082,-0.082,0,0.096,-0.096,0,0.084,-0.084
Suero, Wander,593833,2019,1,0,0,,,0,,,0,0,0
Kuhnel, Joel,669270,2019,1,1,0,0.06,-0.06,0,0.086,-0.086,0,0.063,-0.063
Kinley, Tyler,641755,2019,1,0,0,,,0,,,0,0,0
Norwood, James,656803,2019,1,1,0,0.348,-0.348,0,0.386,-0.386,0,0.313,-0.313
Morejon, Adrian,670970,2019,1,0,0,,,0,,,0,0,0
Elias, Roenis,606273,2019,1,1,0,0.05,-0.05,0,0.054,-0.054,0,0.045,-0.045
Jurado, Ariel,642558,2019,1,0,0,,,0,,,0,0,0
Castillo, Diego,650895,2019,1,0,0,,,0,,,0,0,0
Bowman, Matt,621199,2019,1,1,0,0.34,-0.34,0,0.386,-0.386,0,0.321,-0.321
Johnson, Brian,598271,2019,1,0,0,,,0,,,0,0,0
Reid-Foley, Sean,656887,2019,1,0,0,,,0,,,0,0,0
Hammer, JD,670456,2019,1,1,0,0.122,-0.122,0,0.136,-0.136,0,0.114,-0.114
De Los Santos, Enyel,660853,2019,1,0,0,,,0,,,0,0,0
Brigham, Jeff,656257,2019,1,0,0,,,0,,,0,0,0
Jansen, Kenley,445276,2019,1,0,0,,,0,,,0,0,0
Stephenson, Robert,596112,2019,1,0,0,,,0,,,0,0,0
Quijada, Jose,650671,2019,1,0,0,,,0,,,0,0,0
Smith, Burch,572143,2019,1,0,0,,,0,,,0,0,0
Ramirez, Nick,598286,2019,1,0,0,,,0,,,0,0,0
Walden, Marcus,519393,2019,1,0,0,,,0,,,0,0,0
Barnes, Matt,598264,2019,1,0,0,,,0,,,0,0,0
Mella, Keury,622492,2019,1,0,0,,,0,,,0,0,0
Wojciechowski, Asher,592879,2019,1,0,0,,,0,,,0,0,0
Alaniz, R.J.,595798,2019,1,1,1,0.905,0.095,1,1.018,-0.018,0.87,0.831,0.039
Parker, Blake,453284,2019,1,0,0,,,0,,,0,0,0
Walker, Jeremy,668683,2019,1,1,0,0.062,-0.062,0,0.075,-0.075,0,0.056,-0.056
Rosario, Randy,600968,2019,1,1,0,0.108,-0.108,0,0.086,-0.086,0,0.073,-0.073
Cessa, Luis,570666,2019,1,0,0,,,0,,,0,0,0
Howard, Sam,607572,2019,1,0,0,,,0,,,0,0,0
Tanaka, Masahiro,547888,2019,1,1,0,0.094,-0.094,0,0.126,-0.126,0,0.135,-0.135
Rainey, Tanner,663432,2019,1,0,0,,,0,,,0,0,0
Mayers, Mike,594577,2019,1,0,0,,,0,,,0,0,0
Jeffress, Jeremy,502026,2019,1,0,0,,,0,,,0,0,0
Neris, Hector,593576,2019,1,0,0,,,0,,,0,0,0
Garcia, Jarlin,606424,2019,1,0,0,,,0,,,0,0,0
Winkler, Dan,595465,2019,1,1,,,,,,,,,
Carasiti, Matt,571539,2019,1,1,0,0.142,-0.142,0,0.157,-0.157,0,0.135,-0.135
Reed, Cody,642003,2019,1,0,0,,,0,,,0,0,0
Shreve, Chasen,592741,2019,1,0,,,,,,,0.69,0.69,0
Cordero, Jimmy,622772,2019,1,1,,,,,,,,,
Anderson, Drew,623454,2019,1,0,0,,,0,,,0,0,0
Pruitt, Austin,643493,2019,1,0,0,,,0,,,0,0,0
Gott, Trevor,641627,2019,1,1,0,0.588,-0.588,0,0.75,-0.75,0,0.576,-0.576
Lugo, Seth,607625,2019,1,1,1,0.682,0.318,1,0.707,0.293,0.87,0.598,0.272
Blach, Ty,621389,2019,1,0,0,,,0,,,0,0,0
Stammen, Craig,489334,2019,1,0,0,,,0,,,0,0,0
Payano, Pedro,622797,2019,1,0,0,,,0,,,0,0,0
Zeuch, T.J.,643615,2019,1,0,0,,,0,,,0,0,0
Fulmer, Carson,608334,2019,1,1,0,0.402,-0.402,0,0.4,-0.4,0,0.335,-0.335
