last_name, first_name,player_id,year,pa,bip,ba,est_ba,est_ba_minus_ba_diff,slg,est_slg,est_slg_minus_slg_diff,woba,est_woba,est_woba_minus_woba_diff,era,xera,era_minus_xera_diff
Bauer, Trevor,545333,2019,911,557,.230,.227,.003,.429,.406,.023,.316,.311,.005,4.48,4.26,0.22
Lynn, Lance,458681,2019,875,562,.243,.232,.011,.390,.381,.009,.294,.288,.006,3.67,3.61,0.06
Gonzales, Marco,594835,2019,866,657,.264,.258,.006,.422,.414,.008,.311,.312,-.001,3.99,4.29,-0.30
Minor, Mike,501985,2019,863,588,.244,.233,.011,.395,.394,.001,.301,.299,.002,3.59,3.91,-0.32
Bieber, Shane,669456,2019,859,554,.230,.246,-.016,.393,.427,-.034,.280,.300,-.020,3.28,3.94,-0.66
Rodriguez, Eduardo,593958,2019,859,564,.253,.230,.023,.391,.380,.011,.307,.294,.013,3.81,3.78,0.03
Nola, Aaron,605400,2019,852,532,.233,.236,-.003,.393,.395,-.002,.304,.307,-.003,3.87,4.14,-0.27
Verlander, Justin,434378,2019,847,498,.172,.189,-.017,.361,.355,.006,.243,.249,-.006,2.58,2.68,-0.10
Bumgarner, Madison,518516,2019,844,587,.245,.255,-.010,.426,.456,-.030,.300,.316,-.016,3.90,4.41,-0.51
Berrios, Jose,621244,2019,842,587,.251,.246,.005,.404,.417,-.013,.300,.303,-.003,3.68,4.03,-0.35
Strasburg, Stephen,544931,2019,841,524,.210,.212,-.002,.349,.339,.010,.265,.266,-.001,3.32,3.06,0.26
Alcantara, Sandy,645261,2019,838,598,.241,.246,-.005,.397,.426,-.029,.308,.322,-.014,3.88,4.60,-0.72
Leake, Mike,502190,2019,835,671,.286,.299,-.013,.506,.520,-.014,.341,.354,-.013,4.29,5.70,-1.41
Corbin, Patrick,571578,2019,835,524,.227,.230,-.003,.375,.416,-.041,.285,.304,-.019,3.25,4.05,-0.80
Wheeler, Zack,554430,2019,828,580,.258,.250,.008,.391,.400,-.009,.294,.298,-.004,3.96,3.89,0.07
Syndergaard, Noah,592789,2019,824,567,.256,.234,.022,.410,.366,.044,.301,.280,.021,4.28,3.41,0.87
Cole, Gerrit,543037,2019,817,440,.186,.184,.002,.343,.317,.026,.246,.238,.008,2.50,2.45,0.05
Greinke, Zack,425844,2019,810,589,.228,.242,-.014,.364,.390,-.026,.263,.282,-.019,2.93,3.46,-0.53
Lopez, Reynaldo,625643,2019,809,567,.278,.260,.018,.491,.471,.020,.349,.337,.012,5.38,5.09,0.29
Nova, Ivan,467100,2019,806,635,.303,.294,.009,.483,.472,.011,.351,.347,.004,4.72,5.44,-0.72
deGrom, Jacob,594798,2019,804,498,.207,.209,-.002,.323,.327,-.004,.250,.253,-.003,2.43,2.77,-0.34
Morton, Charlie,450203,2019,790,481,.215,.220,-.005,.340,.340,.000,.270,.275,-.005,3.05,3.28,-0.23
Boyd, Matthew,571510,2019,788,491,.247,.227,.020,.465,.415,.050,.320,.297,.023,4.56,3.86,0.70
Castillo, Luis,622491,2019,780,469,.202,.208,-.006,.343,.330,.013,.277,.277,.000,3.40,3.33,0.07
Kelly, Merrill,518876,2019,777,558,.260,.275,-.015,.447,.497,-.050,.319,.344,-.025,4.42,5.33,-0.91
Stroman, Marcus,573186,2019,774,555,.257,.249,.008,.384,.375,.009,.300,.294,.006,3.22,3.78,-0.56
Flaherty, Jack,656427,2019,772,479,.192,.217,-.025,.335,.364,-.029,.254,.278,-.024,2.75,3.36,-0.61
Junis, Jakob,596001,2019,771,537,.276,.274,.002,.468,.482,-.014,.340,.345,-.005,5.24,5.37,-0.13
Porcello, Rick,519144,2019,768,573,.278,.265,.013,.483,.489,-.006,.338,.337,.001,5.52,5.09,0.43
Mikolas, Miles,571945,2019,764,576,.272,.279,-.007,.449,.453,-.004,.319,.328,-.009,4.16,4.79,-0.63
Lester, Jon,452657,2019,764,542,.294,.282,.012,.470,.462,.008,.344,.340,.004,4.46,5.19,-0.73
Tanaka, Masahiro,547888,2019,759,568,.261,.265,-.004,.450,.437,.013,.314,.316,-.002,4.45,4.41,0.04
Hudson, Dakota,641712,2019,757,526,.245,.263,-.018,.403,.421,-.018,.316,.334,-.018,3.35,4.99,-1.64
Teheran, Julio,527054,2019,754,494,.229,.240,-.011,.389,.413,-.024,.310,.323,-.013,3.81,4.63,-0.82
Fiers, Mike,571666,2019,754,566,.243,.266,-.023,.408,.466,-.058,.303,.335,-.032,3.90,5.02,-1.12
Ray, Robbie,592662,2019,747,422,.234,.231,.003,.441,.430,.011,.323,.321,.002,4.34,4.57,-0.23
Quintana, Jose,500779,2019,745,544,.282,.275,.007,.440,.433,.007,.321,.324,-.003,4.68,4.66,0.02
Wainwright, Adam,425794,2019,745,520,.273,.265,.008,.440,.433,.007,.330,.327,.003,4.19,4.76,-0.57
Anderson, Brett,474463,2019,743,600,.265,.287,-.022,.408,.480,-.072,.308,.344,-.036,3.89,5.33,-1.44
Samardzija, Jeff,502188,2019,740,545,.225,.254,-.029,.411,.472,-.061,.289,.326,-.037,3.52,4.73,-1.21
Buehler, Walker,621111,2019,737,478,.223,.229,-.006,.368,.368,.000,.270,.275,-.005,3.26,3.28,-0.02
Perez, Martin,527048,2019,737,532,.279,.248,.031,.439,.386,.053,.334,.304,.030,5.12,4.05,1.07
Darvish, Yu,506433,2019,731,435,.213,.223,-.010,.411,.397,.014,.294,.295,-.001,3.98,3.80,0.18
Hendricks, Kyle,543294,2019,730,538,.249,.255,-.006,.397,.400,-.003,.291,.297,-.006,3.46,3.86,-0.40
Ryu, Hyun-Jin,547943,2019,723,532,.234,.253,-.019,.359,.373,-.014,.263,.281,-.018,2.32,3.43,-1.11
Roark, Tanner,543699,2019,722,499,.275,.278,-.003,.467,.475,-.008,.340,.345,-.005,4.35,5.37,-1.02
Marquez, German,608566,2019,721,506,.259,.268,-.009,.441,.456,-.015,.311,.324,-.013,4.76,4.66,0.10
Kikuchi, Yusei,579328,2019,721,549,.295,.281,.014,.539,.476,.063,.368,.344,.024,5.46,5.33,0.13
Miley, Wade,489119,2019,720,513,.254,.247,.007,.406,.385,.021,.311,.304,.007,3.98,4.05,-0.07
Musgrove, Joe,605397,2019,718,512,.254,.251,.003,.437,.422,.015,.309,.305,.004,4.44,4.08,0.36
Sanchez, Anibal,434671,2019,712,516,.236,.255,-.019,.406,.425,-.019,.296,.313,-.017,3.85,4.32,-0.47
Keller, Brad,641745,2019,709,508,.247,.263,-.016,.381,.421,-.040,.307,.330,-.023,4.19,4.86,-0.67
Gray, Sonny,543243,2019,708,428,.196,.212,-.016,.325,.355,-.030,.265,.284,-.019,2.87,3.51,-0.64
Gibson, Kyle,502043,2019,706,482,.275,.270,.005,.443,.438,.005,.333,.331,.002,4.84,4.89,-0.05
Kershaw, Clayton,477132,2019,706,472,.222,.241,-.019,.394,.404,-.010,.281,.294,-.013,3.03,3.78,-0.75
Giolito, Lucas,608337,2019,705,416,.205,.215,-.010,.373,.366,.007,.275,.280,-.005,3.41,3.41,0.00
Eflin, Zach,621107,2019,705,522,.268,.260,.008,.452,.429,.023,.325,.315,.010,4.13,4.38,-0.25
Fried, Max,608331,2019,702,476,.270,.254,.016,.419,.383,.036,.315,.297,.018,4.02,3.86,0.16
Soroka, Mike,647336,2019,701,510,.236,.264,-.028,.340,.395,-.055,.272,.304,-.032,2.68,4.05,-1.37
Bundy, Dylan,605164,2019,700,474,.256,.241,.015,.462,.406,.056,.329,.309,.020,4.79,4.20,0.59
DeSclafani, Anthony,543101,2019,696,476,.238,.238,.000,.422,.413,.009,.300,.301,-.001,3.89,3.97,-0.08
Bailey, Homer,456701,2019,696,490,.256,.267,-.011,.403,.419,-.016,.307,.318,-.011,4.57,4.47,0.10
Scherzer, Max,453286,2019,693,409,.222,.206,.016,.371,.338,.033,.269,.254,.015,2.92,2.79,0.13
Matz, Steven,571927,2019,691,479,.260,.256,.004,.454,.450,.004,.325,.322,.003,4.21,4.60,-0.39
Lucchesi, Joey,664192,2019,686,470,.233,.235,-.002,.405,.397,.008,.298,.299,-.001,4.18,3.91,0.27
Happ, J.A.,457918,2019,678,482,.258,.258,.000,.469,.461,.008,.329,.327,.002,4.91,4.76,0.15
Thornton, Trent,663423,2019,676,462,.259,.260,-.001,.439,.432,.007,.325,.327,-.002,4.84,4.76,0.08
Davies, Zach,605200,2019,672,516,.256,.282,-.026,.416,.470,-.054,.310,.341,-.031,3.55,5.23,-1.68
Odorizzi, Jake,543606,2019,658,423,.234,.234,.000,.371,.400,-.029,.289,.300,-.011,3.51,3.94,-0.43
Turnbull, Spencer,605513,2019,656,435,.267,.258,.009,.413,.422,-.009,.329,.329,.000,4.61,4.82,-0.21
Lauer, Eric,641778,2019,651,457,.268,.248,.020,.430,.420,.010,.321,.311,.010,4.45,4.26,0.19
Vargas, Jason,450306,2019,649,456,.249,.242,.007,.424,.440,-.016,.318,.322,-.004,4.51,4.60,-0.09
Smith, Caleb,592761,2019,646,412,.223,.228,-.005,.454,.460,-.006,.315,.321,-.006,4.52,4.57,-0.05
Means, John,607644,2019,637,472,.234,.240,-.006,.417,.425,-.008,.295,.305,-.010,3.60,4.08,-0.48
Gray, Jon,592351,2019,637,427,.259,.269,-.010,.437,.426,.011,.323,.325,-.002,3.84,4.69,-0.85
Williams, Trevor,592866,2019,636,472,.284,.277,.007,.513,.484,.029,.351,.343,.008,5.38,5.30,0.08
Cashner, Andrew,488768,2019,636,466,.253,.268,-.015,.418,.469,-.051,.317,.345,-.028,4.68,5.37,-0.69
Paxton, James,572020,2019,633,390,.242,.228,.014,.423,.387,.036,.310,.295,.015,3.82,3.80,0.02
Maeda, Kenta,628317,2019,624,400,.202,.216,-.014,.371,.345,.026,.274,.274,.000,4.04,3.26,0.78
Hamels, Cole,430935,2019,617,409,.260,.257,.003,.406,.422,-.016,.317,.326,-.009,3.81,4.73,-0.92
Bassitt, Chris,605135,2019,612,411,.229,.235,-.006,.394,.394,.000,.299,.304,-.005,3.81,4.05,-0.24
Sale, Chris,519242,2019,612,344,.221,.217,.004,.412,.384,.028,.294,.285,.009,4.40,3.54,0.86
Norris, Daniel,596057,2019,610,443,.275,.266,.009,.473,.475,-.002,.334,.333,.001,4.49,4.96,-0.47
Sparkman, Glenn,642098,2019,606,478,.296,.293,.003,.527,.518,.009,.364,.364,.000,6.02,6.08,-0.06
Sanchez, Aaron,592717,2019,605,410,.278,.266,.012,.457,.438,.019,.353,.343,.010,5.89,5.30,0.59
Pineda, Michael,501381,2019,600,427,.253,.258,-.005,.430,.445,-.015,.301,.312,-.011,4.01,4.29,-0.28
Lyles, Jordan,543475,2019,599,397,.243,.233,.010,.454,.426,.028,.321,.308,.013,4.15,4.17,-0.02
Arrieta, Jake,453562,2019,594,426,.283,.266,.017,.448,.449,-.001,.339,.334,.005,4.64,4.99,-0.35
German, Domingo,593334,2019,594,397,.228,.247,-.019,.442,.448,-.006,.305,.316,-.011,4.03,4.41,-0.38
Anderson, Chase,502624,2019,592,410,.240,.250,-.010,.449,.427,.022,.320,.321,-.001,4.21,4.57,-0.36
Senzatela, Antonio,622608,2019,582,445,.313,.296,.017,.506,.470,.036,.373,.356,.017,6.71,5.77,0.94
Richards, Trevor,670950,2019,580,392,.249,.242,.007,.422,.415,.007,.316,.314,.002,4.06,4.35,-0.29
Paddack, Chris,663978,2019,568,378,.204,.217,-.013,.380,.383,-.003,.268,.275,-.007,3.33,3.28,0.05
Yarbrough, Ryan,642232,2019,563,416,.228,.258,-.030,.383,.395,-.012,.273,.293,-.020,4.13,3.75,0.38
Sampson, Adrian,592716,2019,563,417,.302,.300,.002,.568,.543,.025,.382,.373,.009,5.89,6.45,-0.56
Wacha, Michael,608379,2019,561,400,.290,.279,.011,.503,.490,.013,.360,.354,.006,4.76,5.70,-0.94
Mahle, Tyler,641816,2019,556,387,.266,.256,.010,.457,.439,.018,.326,.318,.008,5.14,4.47,0.67
Duffy, Danny,518633,2019,555,386,.251,.266,-.015,.438,.470,-.032,.323,.342,-.019,4.34,5.26,-0.92
Lopez, Jorge,605347,2019,548,387,.286,.272,.014,.513,.512,.001,.360,.359,.001,6.33,5.89,0.44
Jurado, Ariel,642558,2019,541,420,.304,.298,.006,.526,.517,.009,.362,.365,-.003,5.81,6.12,-0.31
LeBlanc, Wade,453281,2019,532,408,.291,.282,.009,.534,.494,.040,.359,.344,.015,5.71,5.33,0.38
Chirinos, Yonny,630023,2019,530,385,.225,.260,-.035,.414,.458,-.044,.286,.321,-.035,3.85,4.57,-0.72
Archer, Chris,502042,2019,526,324,.249,.265,-.016,.461,.480,-.019,.334,.347,-.013,5.19,5.44,-0.25
Beede, Tyler,595881,2019,523,359,.271,.266,.005,.462,.474,-.012,.339,.343,-.004,5.08,5.30,-0.22
Velasquez, Vince,592826,2019,516,333,.263,.252,.011,.499,.466,.033,.347,.334,.013,4.91,4.99,-0.08
Smyly, Drew,592767,2019,514,337,.278,.264,.014,.558,.517,.041,.379,.360,.019,6.24,5.93,0.31
Brault, Steven,643230,2019,505,344,.265,.265,.000,.438,.444,-.006,.338,.340,-.002,5.16,5.19,-0.03
Zimmermann, Jordan,519455,2019,504,391,.311,.310,.001,.526,.535,-.009,.363,.371,-.008,6.91,6.36,0.55
Clevinger, Mike,605182,2019,499,291,.209,.206,.003,.331,.344,-.013,.261,.264,-.003,2.71,3.02,-0.31
Woodruff, Brandon,605540,2019,493,315,.240,.237,.003,.357,.367,-.010,.281,.284,-.003,3.62,3.51,0.11
Foltynewicz, Mike,592314,2019,491,347,.244,.260,-.016,.460,.459,.001,.319,.329,-.010,4.54,4.82,-0.28
Strahm, Matt,621381,2019,487,340,.267,.263,.004,.477,.479,-.002,.326,.326,.000,4.71,4.73,-0.02
Keuchel, Dallas,572971,2019,487,348,.265,.268,-.003,.426,.429,-.003,.327,.332,-.005,3.75,4.92,-1.17
Brooks, Aaron,605156,2019,482,356,.271,.270,.001,.493,.481,.012,.348,.345,.003,5.65,5.37,0.28
Ynoa, Gabriel,593679,2019,480,384,.280,.286,-.006,.536,.535,.001,.354,.358,-.004,5.61,5.85,-0.24
Plesac, Zach,668676,2019,475,344,.237,.279,-.042,.437,.480,-.043,.315,.347,-.032,3.81,5.44,-1.63
Freeland, Kyle,607536,2019,472,353,.296,.291,.005,.554,.508,.046,.372,.361,.011,6.73,5.97,0.76
Chacin, Jhoulys,468504,2019,470,318,.280,.273,.007,.521,.479,.042,.365,.353,.012,6.01,5.66,0.35
Lopez, Pablo,641154,2019,469,336,.261,.260,.001,.435,.435,.000,.318,.321,-.003,5.09,4.57,0.52
Sabathia, CC,282332,2019,468,318,.265,.242,.023,.512,.416,.096,.351,.311,.040,4.95,4.26,0.69
Beeks, Jalen,656222,2019,464,326,.281,.274,.007,.435,.447,-.012,.337,.340,-.003,4.31,5.19,-0.88
Plutko, Adam,592644,2019,462,354,.267,.270,-.003,.488,.461,.027,.333,.326,.007,4.86,4.73,0.13
Houser, Adrian,605288,2019,462,303,.244,.226,.018,.399,.352,.047,.302,.281,.021,3.72,3.43,0.29
Price, David,456034,2019,458,295,.258,.245,.013,.441,.425,.016,.319,.308,.011,4.28,4.17,0.11
Pomeranz, Drew,519141,2019,455,270,.261,.234,.027,.467,.418,.049,.340,.315,.025,4.85,4.38,0.47
Cahill, Trevor,502239,2019,455,329,.273,.274,-.001,.537,.477,.060,.364,.347,.017,5.98,5.44,0.54
Milone, Tommy,543548,2019,453,334,.241,.250,-.009,.485,.473,.012,.313,.319,-.006,4.76,4.50,0.26
Gausman, Kevin,592332,2019,451,300,.282,.260,.022,.454,.451,.003,.332,.327,.005,5.72,4.76,0.96
Quantrill, Cal,615698,2019,443,323,.260,.264,-.004,.430,.435,-.005,.311,.318,-.007,5.16,4.47,0.69
Snell, Blake,605483,2019,441,253,.241,.205,.036,.391,.327,.064,.301,.264,.037,4.29,3.02,1.27
Rodriguez, Dereck,605446,2019,439,330,.271,.285,-.014,.492,.480,.012,.347,.349,-.002,5.64,5.51,0.13
Anderson, Shaun,641312,2019,427,317,.291,.298,-.007,.461,.480,-.019,.345,.354,-.009,5.44,5.70,-0.26
Pivetta, Nick,601713,2019,421,289,.278,.271,.007,.516,.472,.044,.359,.349,.010,5.38,5.51,-0.13
Lambert, Peter,663567,2019,420,321,.321,.299,.022,.571,.484,.087,.395,.359,.036,7.25,5.89,1.36
Heaney, Andrew,571760,2019,409,254,.251,.244,.007,.454,.440,.014,.325,.320,.005,4.91,4.53,0.38
Pena, Felix,570240,2019,407,266,.219,.254,-.035,.402,.439,-.037,.298,.327,-.029,4.58,4.76,-0.18
Godley, Zack,643327,2019,407,289,.271,.278,-.007,.469,.479,-.010,.347,.358,-.011,5.97,5.85,0.12
Montgomery, Mike,543557,2019,402,294,.315,.316,-.001,.535,.531,.004,.383,.384,-.001,4.95,6.91,-1.96
Montas, Frankie,593423,2019,394,264,.230,.233,-.003,.364,.359,.005,.276,.276,.000,2.63,3.31,-0.68
Gaviglio, Sam,543208,2019,392,278,.235,.239,-.004,.434,.436,-.002,.301,.306,-.005,4.61,4.11,0.50
Canning, Griffin,656288,2019,384,250,.235,.221,.014,.431,.403,.028,.312,.299,.013,4.58,3.91,0.67
Peacock, Brad,502748,2019,383,251,.227,.224,.003,.427,.408,.019,.306,.302,.004,4.12,4.00,0.12
Peralta, Freddy,642547,2019,382,228,.257,.232,.025,.457,.418,.039,.333,.309,.024,5.29,4.20,1.09
Holland, Derek,502706,2019,376,245,.258,.238,.020,.497,.489,.008,.356,.347,.009,6.08,5.44,0.64
Suarez, Jose,660761,2019,375,260,.304,.274,.030,.565,.478,.087,.394,.356,.038,7.11,5.77,1.34
Stripling, Ross,548389,2019,370,255,.244,.232,.012,.413,.376,.037,.294,.278,.016,3.47,3.36,0.11
Clarke, Taylor,664199,2019,369,265,.263,.264,-.001,.550,.516,.034,.361,.354,.007,5.31,5.70,-0.39
Urena, Jose,570632,2019,369,279,.293,.283,.010,.473,.468,.005,.342,.339,.003,5.21,5.16,0.05
Gonzalez, Gio,461829,2019,366,251,.234,.254,-.020,.397,.426,-.029,.304,.324,-.020,3.50,4.66,-1.16
Hess, David,605276,2019,365,265,.287,.304,-.017,.609,.607,.002,.390,.397,-.007,7.09,7.50,-0.41
Barria, Jaime,642545,2019,365,261,.275,.270,.005,.572,.520,.052,.370,.353,.017,6.42,5.66,0.76
Wojciechowski, Asher,592879,2019,361,244,.248,.247,.001,.483,.484,-.001,.339,.341,-.002,4.92,5.23,-0.31
Font, Wilmer,521655,2019,357,229,.242,.226,.016,.488,.419,.069,.330,.304,.026,4.48,4.05,0.43
Hernandez, Elieser,622694,2019,353,233,.242,.209,.033,.503,.391,.112,.340,.290,.050,5.03,3.67,1.36
Young, Alex,622065,2019,349,247,.229,.251,-.022,.413,.436,-.023,.298,.316,-.018,3.56,4.41,-0.85
Ramirez, Nick,598286,2019,348,238,.247,.245,.002,.425,.419,.006,.313,.314,-.001,4.07,4.35,-0.28
Stratton, Chris,608717,2019,344,242,.300,.273,.027,.506,.442,.064,.366,.333,.033,5.57,4.96,0.61
Guerra, Junior,448855,2019,344,227,.194,.222,-.028,.351,.382,-.031,.275,.300,-.025,3.55,3.94,-0.39
Cessa, Luis,570666,2019,343,234,.246,.229,.017,.433,.371,.062,.317,.295,.022,4.11,3.80,0.31
Lorenzen, Michael,547179,2019,343,228,.221,.225,-.004,.355,.344,.011,.277,.277,.000,2.92,3.33,-0.41
Carrasco, Carlos,471911,2019,341,227,.288,.264,.024,.542,.494,.048,.356,.330,.026,5.29,4.86,0.43
Stammen, Craig,489334,2019,339,249,.251,.239,.012,.433,.389,.044,.298,.281,.017,3.29,3.43,-0.14
Chavez, Jesse,445926,2019,337,238,.267,.277,-.010,.463,.479,-.016,.331,.342,-.011,4.85,5.26,-0.41
Jackson, Edwin,429719,2019,336,249,.351,.311,.040,.686,.585,.101,.449,.402,.047,9.58,7.74,1.84
Skaggs, Tyler,572140,2019,335,227,.242,.267,-.025,.381,.429,-.048,.297,.326,-.029,4.29,4.73,-0.44
Waguespack, Jacob,621097,2019,335,238,.249,.271,-.022,.439,.466,-.027,.325,.346,-.021,4.38,5.41,-1.03
Gallen, Zac,668678,2019,334,198,.212,.215,-.003,.355,.362,-.007,.287,.293,-.006,2.81,3.75,-0.94
Fedde, Erick,607200,2019,334,258,.276,.307,-.031,.451,.507,-.056,.339,.374,-.035,4.50,6.49,-1.99
Hendriks, Liam,521230,2019,332,185,.201,.185,.016,.309,.305,.004,.237,.229,.008,1.80,2.27,-0.47
Valdez, Framber,664285,2019,329,213,.267,.253,.014,.419,.369,.050,.342,.323,.019,5.86,4.63,1.23
Stanek, Ryne,592773,2019,327,199,.214,.225,-.011,.382,.417,-.035,.293,.316,-.023,3.97,4.41,-0.44
Peters, Dillon,596071,2019,327,241,.290,.285,.005,.570,.516,.054,.381,.361,.020,5.38,5.97,-0.59
Walden, Marcus,519393,2019,327,214,.213,.242,-.029,.341,.359,-.018,.280,.302,-.022,3.81,4.00,-0.19
Cease, Dylan,656302,2019,326,208,.271,.245,.026,.486,.425,.061,.353,.323,.030,5.79,4.63,1.16
Urias, Julio,628711,2019,326,209,.201,.209,-.008,.324,.324,.000,.263,.267,-.004,2.49,3.09,-0.60
Pannone, Thomas,623381,2019,325,219,.255,.255,.000,.455,.471,-.016,.335,.348,-.013,6.16,5.48,0.68
Yamamoto, Jordan,657141,2019,325,202,.191,.230,-.039,.355,.383,-.028,.281,.309,-.028,4.46,4.20,0.26
Hernandez, Felix,433587,2019,325,237,.291,.289,.002,.551,.531,.020,.378,.371,.007,6.40,6.36,0.04
Chatwood, Tyler,543022,2019,324,208,.232,.263,-.031,.354,.367,-.013,.302,.321,-.019,3.76,4.57,-0.81
Agrazal, Dario,642607,2019,321,252,.283,.280,.003,.497,.480,.017,.354,.347,.007,4.91,5.44,-0.53
Tomlin, Josh,458708,2019,320,262,.267,.271,-.004,.463,.467,-.004,.308,.312,-.004,3.74,4.29,-0.55
Castro, Miguel,612434,2019,319,207,.232,.216,.016,.386,.358,.028,.303,.294,.009,4.66,3.78,0.88
McHugh, Collin,543521,2019,317,201,.221,.234,-.013,.432,.403,.029,.309,.307,.002,4.70,4.14,0.56
Bradley, Archie,605151,2019,317,189,.246,.246,.000,.371,.382,-.011,.311,.318,-.007,3.52,4.47,-0.95
Hoffman, Jeff,656546,2019,315,209,.283,.281,.002,.588,.546,.042,.390,.379,.011,6.56,6.70,-0.14
Jackson, Luke,592426,2019,315,181,.266,.209,.057,.402,.347,.055,.311,.268,.043,3.84,3.11,0.73
Detwiler, Ross,446321,2019,315,239,.305,.303,.002,.571,.553,.018,.387,.384,.003,6.59,6.91,-0.32
Lugo, Seth,607625,2019,314,189,.192,.183,.009,.316,.318,-.002,.237,.234,.003,2.70,2.37,0.33
Lamet, Dinelson,659275,2019,313,173,.226,.217,.009,.409,.381,.028,.308,.296,.012,4.07,3.83,0.24
Shaw, Bryan,543766,2019,312,219,.251,.261,-.010,.465,.432,.033,.337,.334,.003,5.38,4.99,0.39
Andriese, Matt,542882,2019,310,200,.262,.229,.033,.425,.388,.037,.317,.293,.024,4.71,3.75,0.96
Barlow, Scott,605130,2019,310,178,.240,.228,.012,.397,.364,.033,.314,.302,.012,4.22,4.00,0.22
Buttrey, Ty,621142,2019,309,197,.247,.249,-.002,.376,.398,-.022,.298,.309,-.011,3.98,4.20,-0.22
Estevez, Carlos,608032,2019,308,203,.250,.240,.010,.450,.420,.030,.316,.303,.013,3.75,4.03,-0.28
Petit, Yusmeiro,433589,2019,308,227,.194,.216,-.022,.361,.401,-.040,.240,.271,-.031,2.71,3.18,-0.47
Chen, Wei-Yin,612672,2019,307,221,.311,.282,.029,.557,.497,.060,.378,.347,.031,6.59,5.44,1.15
Brebbia, John,605154,2019,304,187,.216,.210,.006,.333,.348,-.015,.271,.274,-.003,3.59,3.26,0.33
Hudson, Daniel,543339,2019,304,202,.210,.227,-.017,.363,.428,-.065,.277,.307,-.030,2.47,4.14,-1.67
Liriano, Francisco,434538,2019,302,200,.232,.230,.002,.382,.376,.006,.309,.308,.001,3.47,4.17,-0.70
Eovaldi, Nathan,543135,2019,302,194,.276,.240,.036,.510,.430,.080,.367,.332,.035,5.99,4.92,1.07
Leclerc, Jose,600917,2019,299,154,.209,.175,.034,.373,.288,.085,.306,.267,.039,4.33,3.09,1.24
Cortes Jr., Nestor,641482,2019,298,200,.281,.279,.002,.494,.490,.004,.353,.351,.002,5.67,5.59,0.08
Devenski, Chris,606965,2019,298,202,.256,.239,.017,.470,.417,.053,.327,.306,.021,4.83,4.11,0.72
Perdomo, Luis,606131,2019,296,221,.252,.264,-.012,.372,.409,-.037,.289,.308,-.019,4.00,4.17,-0.17
Green, Chad,643338,2019,296,172,.247,.240,.007,.427,.425,.002,.312,.313,-.001,4.17,4.32,-0.15
Suero, Wander,593833,2019,296,186,.242,.261,-.019,.352,.409,-.057,.286,.316,-.030,4.54,4.41,0.13
Ross, Joe,605452,2019,295,201,.291,.269,.022,.449,.459,-.010,.355,.354,.001,5.48,5.70,-0.22
Newcomb, Sean,656794,2019,293,196,.236,.237,-.001,.375,.376,-.001,.299,.302,-.003,3.16,4.00,-0.84
Castillo, Diego,650895,2019,290,178,.230,.196,.034,.374,.319,.055,.292,.262,.030,3.41,2.97,0.44
Hughes, Jared,453172,2019,289,206,.224,.248,-.024,.424,.409,.015,.306,.314,-.008,4.04,4.35,-0.31
Hader, Josh,623352,2019,289,127,.155,.155,.000,.366,.321,.045,.247,.232,.015,2.62,2.33,0.29
Farmer, Buck,571656,2019,288,186,.247,.245,.002,.422,.426,-.004,.312,.314,-.002,3.72,4.35,-0.63
Guerra, Javy,457915,2019,287,212,.251,.255,-.004,.427,.454,-.027,.301,.312,-.011,4.66,4.29,0.37
Bettis, Chad,518452,2019,287,219,.301,.271,.030,.498,.419,.079,.361,.322,.039,6.08,4.60,1.48
Workman, Brandon,519443,2019,286,135,.123,.173,-.050,.166,.233,-.067,.208,.255,-.047,1.88,2.81,-0.93
Rodriguez, Richard,593144,2019,285,196,.252,.237,.015,.434,.411,.023,.315,.301,.014,3.72,3.97,-0.25
Barnes, Matt,598264,2019,285,134,.210,.197,.013,.346,.309,.037,.292,.276,.016,3.78,3.31,0.47
Law, Derek,571882,2019,285,175,.256,.250,.006,.437,.394,.043,.342,.329,.013,4.90,4.82,0.08
Melancon, Mark,453343,2019,284,196,.270,.257,.013,.357,.350,.007,.292,.286,.006,3.61,3.56,0.05
Ottavino, Adam,493603,2019,283,152,.198,.184,.014,.308,.293,.015,.276,.271,.005,1.90,3.18,-1.28
Robles, Hansel,570663,2019,283,192,.221,.225,-.004,.332,.367,-.035,.254,.269,-.015,2.48,3.14,-0.66
Conley, Adam,543045,2019,283,197,.308,.270,.038,.522,.454,.068,.375,.337,.038,6.53,5.09,1.44
Diekman, Jake,518617,2019,282,148,.215,.206,.009,.316,.301,.015,.303,.300,.003,4.65,3.94,0.71
Biagini, Joe,607352,2019,281,194,.281,.285,-.004,.514,.505,.009,.358,.358,.000,4.59,5.85,-1.26
Martin, Brett,656685,2019,280,198,.280,.269,.011,.416,.420,-.004,.315,.320,-.005,4.76,4.53,0.23
Ramirez, Noe,598287,2019,280,176,.232,.218,.014,.398,.369,.029,.297,.285,.012,3.99,3.54,0.45
Gallegos, Giovanny,606149,2019,279,167,.170,.188,-.018,.320,.353,-.033,.231,.253,-.022,2.31,2.77,-0.46
Iglesias, Raisel,628452,2019,279,167,.240,.221,.019,.441,.374,.067,.307,.281,.026,4.16,3.43,0.73
Covey, Dylan,592229,2019,279,208,.306,.331,-.025,.506,.558,-.052,.372,.401,-.029,7.98,7.69,0.29
Rogers, Taylor,573124,2019,278,171,.225,.207,.018,.353,.348,.005,.266,.258,.008,2.61,2.88,-0.27
Gonzalez, Chi Chi,592346,2019,278,198,.246,.269,-.023,.446,.448,-.002,.334,.349,-.015,5.29,5.51,-0.22
Gsellman, Robert,607229,2019,278,188,.261,.239,.022,.429,.355,.074,.326,.294,.032,4.66,3.78,0.88
Garcia, Luis,472610,2019,278,183,.257,.269,-.012,.443,.450,-.007,.342,.349,-.007,4.35,5.51,-1.16
Soria, Joakim,465657,2019,278,176,.202,.219,-.017,.341,.392,-.051,.261,.288,-.027,4.30,3.61,0.69
Baez, Pedro,520980,2019,276,180,.174,.188,-.014,.287,.307,-.020,.239,.252,-.013,3.10,2.75,0.35
Soto, Gregory,642397,2019,276,198,.308,.298,.010,.496,.502,-.006,.372,.375,-.003,5.77,6.53,-0.76
Neris, Hector,593576,2019,275,156,.186,.199,-.013,.339,.341,-.002,.265,.275,-.010,2.93,3.28,-0.35
Familia, Jeurys,544727,2019,274,166,.274,.247,.027,.438,.393,.045,.356,.330,.026,5.70,4.86,0.84
Osich, Josh,592612,2019,272,196,.242,.253,-.011,.469,.450,.019,.311,.311,.000,4.66,4.26,0.40
Armstrong, Shawn,542888,2019,271,175,.282,.259,.023,.449,.452,-.003,.347,.343,.004,5.74,5.30,0.44
Trivino, Lou,642152,2019,269,178,.265,.230,.035,.426,.343,.083,.333,.296,.037,5.25,3.83,1.42
Gant, John,607231,2019,269,175,.217,.233,-.016,.323,.326,-.003,.283,.292,-.009,3.66,3.72,-0.06
McCarthy, Kevin,641838,2019,268,207,.285,.281,.004,.414,.412,.002,.315,.316,-.001,4.48,4.41,0.07
Claudio, Alex,592222,2019,267,192,.246,.243,.003,.422,.358,.064,.318,.305,.013,4.06,4.08,-0.02
Pagan, Emilio,641941,2019,267,157,.179,.174,.005,.369,.303,.066,.245,.221,.024,2.31,2.12,0.19
Cishek, Steve,518553,2019,267,174,.210,.228,-.018,.328,.370,-.042,.285,.313,-.028,2.95,4.32,-1.37
Treinen, Blake,595014,2019,266,169,.257,.252,.005,.416,.416,.000,.336,.334,.002,4.91,4.99,-0.08
Harvey, Matt,518774,2019,266,195,.275,.307,-.032,.528,.543,-.015,.368,.390,-.022,7.09,7.18,-0.09
May, Trevor,543507,2019,266,158,.184,.202,-.018,.316,.364,-.048,.256,.284,-.028,2.94,3.51,-0.57
James, Josh,657624,2019,266,127,.203,.171,.032,.374,.286,.088,.304,.263,.041,4.70,2.99,1.71
Kennedy, Ian,453178,2019,266,175,.261,.225,.036,.363,.370,-.007,.291,.277,.014,3.41,3.33,0.08
Anderson, Nick,623433,2019,264,134,.214,.197,.017,.374,.358,.016,.269,.259,.010,3.32,2.90,0.42
Bummer, Aaron,607481,2019,263,175,.184,.206,-.022,.252,.281,-.029,.235,.256,-.021,2.13,2.83,-0.70
Jansen, Kenley,445276,2019,263,163,.213,.211,.002,.383,.345,.038,.277,.266,.011,3.71,3.06,0.65
Margevicius, Nick,676606,2019,263,199,.307,.294,.013,.546,.504,.042,.379,.362,.017,6.79,6.00,0.79
Stephenson, Robert,596112,2019,262,156,.182,.194,-.012,.377,.311,.066,.262,.250,.012,3.76,2.70,1.06
Doolittle, Sean,448281,2019,260,177,.260,.236,.024,.463,.450,.013,.321,.305,.016,4.05,4.08,-0.03
Ryan, Kyle,594986,2019,260,171,.243,.241,.002,.341,.347,-.006,.292,.297,-.005,3.54,3.86,-0.32
Weaver, Luke,596133,2019,260,174,.227,.253,-.026,.368,.424,-.056,.274,.306,-.032,2.94,4.11,-1.17
Givens, Mychal,571710,2019,260,146,.213,.220,-.007,.426,.415,.011,.303,.303,.000,4.57,4.03,0.54
Mengden, Daniel,596043,2019,260,191,.254,.263,-.009,.422,.437,-.015,.322,.331,-.009,4.83,4.89,-0.06
Kingham, Nick,592468,2019,259,188,.341,.285,.056,.598,.498,.100,.416,.357,.059,7.28,5.81,1.47
VerHagen, Drew,572403,2019,258,180,.304,.264,.040,.504,.427,.077,.370,.330,.040,5.90,4.86,1.04
Bedrosian, Cam,592135,2019,258,169,.207,.229,-.022,.336,.383,-.047,.270,.301,-.031,3.23,3.97,-0.74
Albers, Matt,458006,2019,258,169,.239,.237,.002,.396,.383,.013,.311,.309,.002,5.13,4.20,0.93
Rondon, Hector,444468,2019,257,185,.242,.230,.012,.442,.391,.051,.319,.298,.021,3.71,3.89,-0.18
Smith, Will,519293,2019,257,140,.196,.207,-.011,.357,.349,.008,.261,.265,-.004,2.76,3.04,-0.28
Jimenez, Joe,641729,2019,257,148,.243,.215,.028,.474,.412,.062,.334,.303,.031,4.37,4.03,0.34
Alvarez, Jose,501625,2019,255,185,.284,.261,.023,.431,.404,.027,.319,.303,.016,3.36,4.03,-0.67
Parker, Blake,453284,2019,255,165,.235,.271,-.036,.438,.482,-.044,.315,.349,-.034,4.55,5.51,-0.96
Fry, Paul,643316,2019,255,165,.247,.241,.006,.402,.364,.038,.326,.314,.012,5.34,4.35,0.99
Buchholz, Clay,453329,2019,254,197,.306,.299,.007,.566,.556,.010,.378,.376,.002,6.56,6.57,-0.01
Diaz, Edwin,621242,2019,254,129,.258,.207,.051,.502,.366,.136,.344,.277,.067,5.59,3.33,2.26
Osuna, Roberto,532077,2019,253,166,.190,.209,-.019,.321,.354,-.033,.237,.257,-.020,2.63,2.86,-0.23
Greene, Shane,572888,2019,252,168,.200,.239,-.039,.335,.421,-.086,.257,.307,-.050,2.30,4.14,-1.84
Brewer, Colten,605155,2019,252,165,.277,.257,.020,.427,.382,.045,.344,.327,.017,4.12,4.76,-0.64
Fry, Jace,605240,2019,251,137,.218,.234,-.016,.371,.377,-.006,.321,.330,-.009,4.75,4.86,-0.11
Erlin, Robbie,572362,2019,251,183,.312,.285,.027,.437,.452,-.015,.336,.332,.004,5.37,4.92,0.45
McFarland, T.J.,519008,2019,250,194,.316,.313,.003,.471,.488,-.017,.350,.356,-.006,4.82,5.77,-0.95
Dyson, Sam,473879,2019,249,178,.230,.244,-.014,.357,.380,-.023,.274,.288,-.014,3.32,3.61,-0.29
Colome, Alex,517008,2019,249,170,.191,.244,-.053,.350,.446,-.096,.261,.327,-.066,2.80,4.76,-1.96
Romo, Sergio,489265,2019,249,170,.221,.214,.007,.372,.374,-.002,.271,.273,-.002,3.43,3.23,0.20
Kahnle, Tommy,592454,2019,248,138,.200,.201,-.001,.364,.332,.032,.272,.262,.010,3.67,2.97,0.70
Garcia, Yimi,554340,2019,247,161,.178,.183,-.005,.427,.364,.063,.276,.257,.019,3.61,2.86,0.75
Velazquez, Hector,584171,2019,247,167,.274,.264,.010,.458,.455,.003,.348,.344,.004,5.43,5.33,0.10
Garrett, Amir,607237,2019,246,129,.213,.204,.009,.357,.315,.042,.307,.291,.016,3.21,3.69,-0.48
Lopez, Yoan,661255,2019,246,187,.232,.304,-.072,.446,.541,-.095,.298,.370,-.072,3.41,6.32,-2.91
Swanson, Erik,657024,2019,245,179,.243,.265,-.022,.517,.517,.000,.328,.343,-.015,5.74,5.30,0.44
Moronta, Reyes,606625,2019,245,140,.197,.197,.000,.298,.356,-.058,.274,.296,-.022,2.86,3.83,-0.97
Diaz, Jairo,545064,2019,245,161,.251,.235,.016,.430,.367,.063,.315,.292,.023,4.53,3.72,0.81
Eickhoff, Jerad,595191,2019,245,174,.261,.253,.008,.563,.531,.032,.364,.348,.016,5.71,5.48,0.23
Britton, Zack,502154,2019,244,159,.182,.199,-.017,.254,.294,-.040,.247,.273,-.026,1.91,3.23,-1.32
Cimber, Adam,643256,2019,244,180,.257,.254,.003,.394,.388,.006,.307,.306,.001,4.45,4.11,0.34
Yates, Kirby,489446,2019,243,122,.186,.171,.015,.262,.259,.003,.228,.224,.004,1.19,2.18,-0.99
Hill, Rich,448179,2019,242,148,.223,.213,.010,.395,.335,.060,.292,.269,.023,2.45,3.14,-0.69
Brach, Brad,542960,2019,242,150,.278,.258,.020,.405,.375,.030,.332,.318,.014,5.47,4.47,1.00
Hand, Brad,543272,2019,242,136,.242,.227,.015,.384,.383,.001,.292,.285,.007,3.30,3.54,-0.24
Gearrin, Cory,518715,2019,241,165,.261,.258,.003,.384,.406,-.022,.318,.326,-.008,4.07,4.73,-0.66
Brasier, Ryan,518489,2019,241,156,.238,.261,-.023,.411,.467,-.056,.306,.338,-.032,4.85,5.12,-0.27
Clippard, Tyler,461325,2019,241,155,.176,.186,-.010,.356,.353,.003,.260,.264,-.004,2.90,3.02,-0.12
Holmes, Clay,605280,2019,240,138,.232,.233,-.001,.366,.367,-.001,.332,.332,.000,5.58,4.92,0.66
Feliz, Michael,593140,2019,239,137,.212,.205,.007,.413,.379,.034,.306,.295,.011,3.99,3.80,0.19
Duffey, Tyler,608648,2019,238,138,.202,.203,-.001,.339,.354,-.015,.254,.260,-.006,2.50,2.93,-0.43
Miller, Andrew,453192,2019,236,131,.225,.213,.012,.400,.376,.024,.320,.308,.012,4.45,4.17,0.28
Straily, Dan,573185,2019,236,179,.349,.339,.010,.746,.719,.027,.464,.450,.014,9.82,10.40,-0.58
Vazquez, Felipe,553878,2019,236,129,.197,.207,-.010,.317,.344,-.027,.247,.262,-.015,1.65,2.97,-1.32
Chapman, Aroldis,547973,2019,235,123,.185,.196,-.011,.263,.283,-.020,.242,.260,-.018,2.21,2.93,-0.72
Banuelos, Manny,544365,2019,235,157,.303,.282,.021,.530,.491,.039,.388,.367,.021,6.93,6.20,0.73
Alexander, Tyler,641302,2019,235,179,.302,.272,.030,.507,.483,.024,.347,.327,.020,4.86,4.76,0.10
Herrera, Kelvin,516969,2019,235,158,.288,.275,.013,.462,.438,.024,.339,.327,.012,6.14,4.76,1.38
Burnes, Corbin,669203,2019,235,145,.330,.272,.058,.623,.503,.120,.417,.352,.065,8.82,5.62,3.20
Bleier, Richard,542947,2019,235,193,.295,.257,.038,.473,.385,.088,.333,.287,.046,5.37,3.59,1.78
Swarzak, Anthony,461872,2019,234,155,.251,.250,.001,.454,.450,.004,.332,.329,.003,4.56,4.82,-0.26
Hirano, Yoshihisa,673633,2019,233,147,.249,.217,.032,.395,.383,.012,.308,.296,.012,4.75,3.83,0.92
Wittgren, Nick,621295,2019,232,156,.218,.256,-.038,.407,.464,-.057,.285,.323,-.038,2.81,4.63,-1.82
Cole, Taylor,518566,2019,231,155,.286,.281,.005,.399,.379,.020,.325,.317,.008,5.92,4.44,1.48
Watson, Tony,453265,2019,231,173,.264,.265,-.001,.439,.445,-.006,.320,.324,-.004,4.17,4.66,-0.49
Glasnow, Tyler,607192,2019,230,140,.186,.179,.007,.274,.294,-.020,.222,.230,-.008,1.78,2.29,-0.51
Roe, Chaz,475054,2019,229,131,.251,.233,.018,.349,.342,.007,.310,.304,.006,4.06,4.05,0.01
Harris, Will,501789,2019,229,153,.196,.221,-.025,.294,.362,-.068,.235,.269,-.034,1.50,3.14,-1.64
Kolarek, Adam,592473,2019,229,165,.229,.244,-.015,.376,.376,.000,.281,.288,-.007,3.27,3.61,-0.34
Magill, Matt,543483,2019,229,143,.251,.258,-.007,.438,.445,-.007,.316,.323,-.007,4.09,4.63,-0.54
Mayza, Tim,641835,2019,227,143,.231,.251,-.020,.421,.434,-.013,.313,.329,-.016,4.91,4.82,0.09
Civale, Aaron,650644,2019,227,164,.216,.237,-.021,.368,.347,.021,.269,.278,-.009,2.34,3.36,-1.02
Kintzler, Brandon,445213,2019,227,162,.215,.236,-.021,.359,.387,-.028,.265,.286,-.021,2.68,3.56,-0.88
Keller, Mitch,656605,2019,227,145,.348,.265,.083,.546,.411,.135,.392,.314,.078,7.13,4.35,2.78
Kelly, Joe,523260,2019,226,139,.244,.216,.028,.383,.350,.033,.306,.282,.024,4.56,3.46,1.10
Crick, Kyle,605195,2019,226,123,.224,.196,.028,.432,.353,.079,.345,.313,.032,4.96,4.32,0.64
Chafin, Andrew,605177,2019,225,137,.257,.249,.008,.366,.397,-.031,.301,.309,-.008,3.76,4.20,-0.44
Jeffress, Jeremy,502026,2019,225,157,.269,.272,-.003,.393,.436,-.043,.319,.335,-.016,5.02,5.02,0.00
Harper, Ryne,607560,2019,225,163,.257,.265,-.008,.419,.454,-.035,.297,.319,-.022,3.81,4.50,-0.69
Wisler, Matt,605538,2019,224,145,.272,.244,.028,.490,.401,.089,.339,.301,.038,5.61,3.97,1.64
Oberg, Scott,623184,2019,223,142,.196,.227,-.031,.291,.366,-.075,.249,.291,-.042,2.25,3.69,-1.44
Kinley, Tyler,641755,2019,221,138,.238,.238,.000,.359,.373,-.014,.318,.324,-.006,3.65,4.66,-1.01
Webb, Tyler,643778,2019,221,148,.172,.214,-.042,.328,.369,-.041,.252,.286,-.034,3.76,3.56,0.20
Miller, Shelby,571946,2019,220,157,.317,.280,.037,.497,.484,.013,.384,.375,.009,8.59,6.53,2.06
Drake, Oliver,543118,2019,219,129,.181,.210,-.029,.357,.365,-.008,.261,.278,-.017,3.21,3.36,-0.15
Wingenter, Trey,622259,2019,218,113,.187,.196,-.009,.324,.328,-.004,.282,.295,-.013,5.65,3.80,1.85
Nicasio, Juan,504379,2019,217,149,.298,.289,.009,.440,.442,-.002,.339,.342,-.003,4.75,5.26,-0.51
Anderson, Justin,605121,2019,217,124,.232,.215,.017,.431,.361,.070,.333,.313,.020,5.55,4.32,1.23
Elias, Roenis,606273,2019,216,150,.236,.257,-.021,.426,.464,-.038,.307,.333,-.026,3.96,4.96,-1.00
Guerrero, Tayron,594027,2019,216,131,.246,.246,.000,.415,.453,-.038,.352,.366,-.014,6.26,6.16,0.10
Martin, Chris,455119,2019,216,146,.249,.249,.000,.411,.429,-.018,.281,.291,-.010,3.40,3.69,-0.29
McKay, Brendan,656713,2019,216,144,.268,.261,.007,.475,.452,.023,.333,.322,.011,5.14,4.60,0.54
Rainey, Tanner,663432,2019,214,98,.188,.194,-.006,.347,.345,.002,.310,.314,-.004,3.91,4.35,-0.44
Gott, Trevor,641627,2019,214,138,.216,.234,-.018,.316,.406,-.090,.261,.305,-.044,4.44,4.08,0.36
Pressly, Ryan,519151,2019,211,126,.188,.213,-.025,.310,.332,-.022,.233,.254,-.021,2.32,2.79,-0.47
Kittredge, Andrew,552640,2019,210,138,.263,.224,.039,.407,.369,.038,.305,.280,.025,4.17,3.41,0.76
Rodney, Fernando,407845,2019,210,133,.269,.233,.036,.396,.372,.024,.332,.308,.024,5.66,4.17,1.49
Morin, Mike,573046,2019,210,170,.238,.269,-.031,.383,.443,-.060,.287,.323,-.036,4.62,4.63,-0.01
Marshall, Evan,605359,2019,209,144,.228,.235,-.007,.353,.379,-.026,.289,.302,-.013,2.49,4.00,-1.51
Allard, Kolby,663465,2019,208,153,.281,.290,-.009,.389,.407,-.018,.322,.333,-.011,4.96,4.96,0.00
Giles, Ken,571704,2019,208,108,.188,.185,.003,.319,.318,.001,.247,.246,.001,1.87,2.62,-0.75
Poche, Colin,621363,2019,207,111,.181,.170,.011,.374,.334,.040,.279,.261,.018,4.70,2.95,1.75
Garcia, Jarlin,606424,2019,206,149,.216,.247,-.031,.319,.405,-.086,.259,.308,-.049,3.02,4.17,-1.15
Grace, Matt,594840,2019,206,159,.319,.313,.006,.560,.563,-.003,.379,.379,.000,6.36,6.70,-0.34
Davis, Wade,451584,2019,206,133,.291,.269,.022,.474,.452,.022,.374,.359,.015,8.65,5.89,2.76
Kelley, Shawn,518875,2019,205,149,.291,.283,.008,.550,.554,-.004,.362,.363,-.001,4.94,6.04,-1.10
Suarez, Ranger,624133,2019,205,150,.278,.264,.014,.417,.404,.013,.310,.300,.010,3.14,3.94,-0.80
Ferguson, Caleb,657571,2019,204,117,.234,.253,-.019,.419,.412,.007,.331,.338,-.007,4.84,5.12,-0.28
Rodriguez, Jefry,622446,2019,203,149,.270,.258,.012,.427,.453,-.026,.325,.337,-.012,4.63,5.09,-0.46
Ponce de Leon, Daniel,594965,2019,203,123,.207,.210,-.003,.351,.352,-.001,.287,.290,-.003,3.70,3.67,0.03
Smeltzer, Devin,656970,2019,202,151,.265,.279,-.014,.466,.486,-.020,.326,.342,-.016,3.86,5.26,-1.40
Richard, Clayton,453385,2019,201,157,.298,.295,.003,.522,.501,.021,.376,.376,.000,5.96,6.57,-0.61
Floro, Dylan,571670,2019,201,143,.253,.252,.001,.374,.382,-.008,.285,.289,-.004,4.24,3.64,0.60
Martinez, Carlos,593372,2019,200,126,.220,.228,-.008,.288,.352,-.064,.263,.289,-.026,3.17,3.64,-0.47
Bard, Luke,572703,2019,199,141,.228,.259,-.031,.394,.430,-.036,.294,.318,-.024,4.78,4.47,0.31
Hernandez, David,456696,2019,199,124,.306,.256,.050,.538,.418,.120,.376,.318,.058,8.02,4.47,3.55
Brice, Austin,592169,2019,199,128,.214,.217,-.003,.364,.350,.014,.292,.293,-.001,3.43,3.75,-0.32
Toussaint, Touki,657053,2019,198,120,.270,.224,.046,.417,.375,.042,.352,.320,.032,5.62,4.53,1.09
Buchter, Ryan,488748,2019,198,123,.251,.270,-.019,.455,.472,-.017,.334,.349,-.015,2.98,5.51,-2.53
Ruiz, Jose,614179,2019,198,136,.335,.275,.060,.503,.456,.047,.390,.351,.039,5.63,5.59,0.04
Carpenter, Ryan,543001,2019,197,157,.339,.319,.020,.628,.552,.076,.415,.384,.031,9.30,6.91,2.39
Wood, Hunter,621056,2019,195,142,.256,.247,.009,.417,.392,.025,.303,.293,.010,2.98,3.75,-0.77
Taylor, Josh,657031,2019,195,114,.229,.224,.005,.343,.352,-.009,.280,.285,-.005,3.04,3.54,-0.50
Brennan, Brandon,592165,2019,195,125,.201,.219,-.018,.355,.368,-.013,.272,.287,-.015,4.56,3.59,0.97
Sadler, Casey,594987,2019,194,146,.236,.247,-.011,.362,.373,-.011,.284,.295,-.011,2.14,3.80,-1.66
Vincent, Nick,543883,2019,194,131,.267,.258,.009,.460,.448,.012,.324,.322,.002,4.43,4.60,-0.17
Yacabonis, Jimmy,642231,2019,193,134,.307,.289,.018,.554,.538,.016,.398,.386,.012,6.80,7.00,-0.20
Johnson, Brian,598271,2019,193,139,.315,.262,.053,.536,.463,.073,.388,.341,.047,6.02,5.23,0.79
Pruitt, Austin,643493,2019,193,142,.266,.258,.008,.452,.415,.037,.314,.302,.012,4.40,4.00,0.40
Bass, Anthony,542914,2019,189,128,.179,.245,-.066,.304,.379,-.075,.241,.305,-.064,3.56,4.08,-0.52
Kline, Branden,571858,2019,183,128,.275,.300,-.025,.506,.526,-.020,.360,.385,-.025,5.93,6.96,-1.03
Hellickson, Jeremy,476451,2019,183,132,.294,.302,-.008,.525,.539,-.014,.375,.385,-.010,6.23,6.96,-0.73
Alcantara, Victor,622505,2019,182,141,.276,.297,-.021,.485,.531,-.046,.348,.376,-.028,4.85,6.57,-1.72
Hardy, Blaine,543278,2019,182,140,.232,.247,-.015,.470,.474,-.004,.308,.331,-.023,4.47,4.89,-0.42
Shafer, Justin,596101,2019,182,117,.265,.232,.033,.484,.403,.081,.355,.314,.041,3.86,4.35,-0.49
Weber, Ryan,543901,2019,181,141,.284,.261,.023,.462,.413,.049,.333,.306,.027,5.09,4.11,0.98
Irvin, Cole,608344,2019,181,134,.278,.297,-.019,.457,.519,-.062,.334,.363,-.029,5.83,6.04,-0.21
Holder, Jonathan,656547,2019,181,122,.256,.235,.021,.452,.411,.041,.319,.294,.025,6.31,3.78,2.53
McGee, Jake,459429,2019,180,131,.288,.259,.029,.564,.485,.079,.368,.338,.030,4.35,5.12,-0.77
Leone, Dominic,608678,2019,180,112,.250,.266,-.016,.481,.537,-.056,.342,.368,-.026,5.53,6.24,-0.71
Strop, Pedro,467008,2019,178,104,.217,.202,.015,.408,.381,.027,.314,.301,.013,4.97,3.97,1.00
Sims, Lucas,608371,2019,177,99,.201,.179,.022,.416,.348,.068,.302,.271,.031,4.60,3.18,1.42
Peralta, Wily,503449,2019,176,131,.296,.286,.010,.487,.526,-.039,.364,.379,-.015,5.80,6.70,-0.90
Voth, Austin,608723,2019,174,114,.213,.214,-.001,.394,.364,.030,.282,.276,.006,3.30,3.31,-0.01
Webb, Logan,657277,2019,174,122,.278,.301,-.023,.456,.467,-.011,.336,.355,-.019,5.22,5.74,-0.52
Hembree, Heath,592390,2019,173,106,.224,.217,.007,.454,.440,.014,.322,.316,.006,3.86,4.41,-0.55
Perez, Oliver,424144,2019,173,110,.242,.213,.029,.427,.338,.089,.306,.265,.041,3.98,3.04,0.94
Goody, Nick,580792,2019,172,101,.201,.178,.023,.389,.294,.095,.291,.253,.038,3.54,2.77,0.77
Peralta, Wandy,593974,2019,172,122,.265,.271,-.006,.523,.478,.045,.349,.345,.004,5.67,5.37,0.30
Garcia, Edgar,658305,2019,172,101,.266,.243,.023,.531,.498,.033,.374,.354,.020,5.77,5.70,0.07
Hartlieb, Geoff,664129,2019,171,115,.351,.297,.054,.608,.504,.104,.418,.363,.055,9.00,6.04,2.96
Sandoval, Patrick,663776,2019,169,107,.240,.255,-.015,.425,.405,.020,.322,.326,-.004,5.03,4.73,0.30
Kluber, Corey,446372,2019,168,112,.297,.256,.041,.453,.453,.000,.353,.332,.021,5.80,4.92,0.88
Sheffield, Justus,656954,2019,168,109,.303,.245,.058,.490,.398,.092,.376,.321,.055,5.50,4.57,0.93
Urquidy, Jose,664353,2019,167,120,.241,.233,.008,.405,.432,-.027,.285,.292,-.007,3.95,3.72,0.23
Wilson, Justin,458677,2019,166,101,.228,.215,.013,.345,.318,.027,.294,.281,.013,2.54,3.43,-0.89
Eshelman, Tom,664045,2019,164,130,.313,.308,.005,.593,.551,.042,.389,.381,.008,6.50,6.78,-0.28
Barraclough, Kyle,607457,2019,164,101,.273,.282,-.009,.518,.568,-.050,.371,.392,-.021,5.61,7.27,-1.66
Duplantier, Jon,641541,2019,163,106,.283,.273,.010,.391,.449,-.058,.339,.352,-.013,4.42,5.62,-1.20
Gonsolin, Tony,664062,2019,163,110,.178,.225,-.047,.322,.375,-.053,.252,.291,-.039,2.93,3.69,-0.76
Maton, Phil,664208,2019,163,116,.259,.266,-.007,.483,.426,.057,.338,.327,.011,6.14,4.76,1.38
Santiago, Hector,502327,2019,163,101,.300,.270,.030,.557,.518,.039,.395,.371,.024,6.68,6.36,0.32
Ross, Tyson,475115,2019,162,118,.289,.300,-.011,.493,.544,-.051,.364,.388,-.024,6.11,7.09,-0.98
Cisnero, Jose,542585,2019,162,100,.257,.226,.031,.449,.374,.075,.336,.306,.030,4.33,4.11,0.22
Hill, Tim,657612,2019,161,105,.217,.216,.001,.336,.337,-.001,.275,.277,-.002,3.63,3.33,0.30
Tinoco, Jesus,622786,2019,161,110,.263,.281,-.018,.599,.565,.034,.393,.394,-.001,4.75,7.36,-2.61
Brigham, Jeff,656257,2019,161,107,.248,.262,-.014,.448,.474,-.026,.318,.333,-.015,4.46,4.96,-0.50
Barnes, Jacob,606930,2019,160,106,.265,.262,.003,.478,.457,.021,.352,.348,.004,7.44,5.48,1.96
Luciano, Elvis,672773,2019,159,105,.275,.261,.014,.450,.437,.013,.364,.355,.009,5.35,5.74,-0.39
Rodon, Carlos,607074,2019,158,94,.239,.209,.030,.391,.353,.038,.307,.295,.012,5.19,3.80,1.39
Taillon, Jameson,592791,2019,158,118,.231,.266,-.035,.401,.440,-.039,.284,.317,-.033,4.10,4.44,-0.34
Parsons, Wes,641149,2019,157,100,.264,.304,-.040,.455,.496,-.041,.366,.396,-.030,5.45,7.46,-2.01
Hale, David,571735,2019,157,126,.264,.250,.014,.412,.356,.056,.298,.277,.021,3.11,3.33,-0.22
Almonte, Yency,622075,2019,157,113,.279,.295,-.016,.514,.554,-.040,.359,.377,-.018,5.56,6.61,-1.05
Dugger, Robert,667498,2019,156,109,.254,.267,-.013,.469,.483,-.014,.345,.357,-.012,5.77,5.81,-0.04
Springs, Jeffrey,605488,2019,155,99,.295,.276,.019,.488,.438,.050,.375,.353,.022,6.40,5.66,0.74
Wood, Alex,622072,2019,153,113,.291,.310,-.019,.589,.545,.044,.381,.374,.007,5.80,6.49,-0.69
Helsley, Ryan,664854,2019,153,109,.245,.237,.008,.432,.406,.026,.304,.294,.010,2.95,3.78,-0.83
Biddle, Jesse,592145,2019,152,100,.339,.341,-.002,.524,.559,-.035,.411,.420,-.009,8.36,8.66,-0.30
Holland, Greg,518813,2019,152,87,.198,.199,-.001,.365,.356,.009,.296,.298,-.002,4.54,3.89,0.65
Mills, Alec,621219,2019,152,92,.231,.245,-.014,.396,.441,-.045,.311,.330,-.019,2.75,4.86,-2.11
Reid-Foley, Sean,656887,2019,150,99,.262,.254,.008,.444,.430,.014,.352,.346,.006,4.26,5.41,-1.15
Wieck, Brad,623364,2019,148,83,.214,.220,-.006,.450,.441,.009,.314,.318,-.004,5.71,4.47,1.24
Suarez, Andrew,605498,2019,148,108,.302,.276,.026,.558,.514,.044,.374,.361,.013,5.79,5.97,-0.18
Hernandez, Darwinzon,650382,2019,147,61,.231,.159,.072,.342,.222,.120,.327,.263,.064,4.45,2.99,1.46
Wright, Mike,605541,2019,147,103,.336,.298,.038,.565,.478,.087,.397,.356,.041,7.98,5.77,2.21
Minter, A.J.,621345,2019,147,88,.298,.267,.031,.446,.447,-.001,.360,.349,.011,7.06,5.51,1.55
Phelps, David,475479,2019,147,93,.242,.240,.002,.422,.405,.017,.320,.318,.002,3.41,4.47,-1.06
Cordero, Jimmy,622772,2019,146,101,.197,.233,-.036,.341,.344,-.003,.267,.285,-.018,2.89,3.54,-0.65
Alvarado, Jose,621237,2019,146,80,.254,.246,.008,.360,.376,-.016,.328,.334,-.006,4.80,4.99,-0.19
Littell, Zack,641793,2019,146,105,.250,.285,-.035,.412,.476,-.064,.297,.338,-.041,2.68,5.12,-2.44
Mejia, Adalberto,606167,2019,145,94,.268,.288,-.020,.447,.527,-.080,.351,.384,-.033,6.61,6.91,-0.30
Quijada, Jose,650671,2019,144,70,.239,.246,-.007,.575,.493,.082,.398,.378,.020,5.76,6.66,-0.90
Melville, Tim,543532,2019,143,104,.274,.285,-.011,.532,.522,.010,.364,.367,-.003,4.86,6.20,-1.34
Avilan, Luis,501593,2019,141,94,.266,.273,-.007,.427,.420,.007,.338,.338,.000,5.06,5.12,-0.06
May, Dustin,669160,2019,141,100,.250,.265,-.015,.341,.412,-.071,.278,.308,-.030,3.63,4.17,-0.54
Blevins, Jerry,460283,2019,141,86,.207,.251,-.044,.380,.456,-.076,.290,.337,-.047,3.90,5.09,-1.19
Wick, Rowan,592858,2019,140,86,.183,.192,-.009,.233,.315,-.082,.244,.275,-.031,2.43,3.28,-0.85
Phillips, Evan,623465,2019,140,75,.286,.266,.020,.411,.401,.010,.361,.351,.010,6.43,5.59,0.84
Olson, Tyler,621397,2019,140,94,.281,.224,.057,.438,.361,.077,.343,.299,.044,4.40,3.91,0.49
Reininger, Zac,643617,2019,140,107,.361,.343,.018,.787,.667,.120,.481,.451,.030,8.68,10.46,-1.78
Flynn, Brian,543169,2019,139,97,.333,.322,.011,.465,.477,-.012,.379,.383,-.004,5.22,6.87,-1.65
Blach, Ty,621389,2019,139,102,.377,.319,.058,.672,.555,.117,.464,.403,.061,12.00,7.79,4.21
Loaisiga, Jonathan,642528,2019,139,85,.263,.247,.016,.475,.419,.056,.342,.326,.016,4.55,4.73,-0.18
Smith, Josh A.,595001,2019,139,99,.281,.279,.002,.547,.550,-.003,.365,.366,-.001,5.81,6.16,-0.35
Bowman, Matt,621199,2019,137,99,.221,.233,-.012,.336,.311,.025,.263,.261,.002,3.66,2.95,0.71
Newberry, Jake,623470,2019,137,91,.248,.255,-.007,.513,.533,-.020,.345,.360,-.015,3.77,5.93,-2.16
Stumpf, Daniel,621385,2019,135,92,.302,.264,.038,.500,.470,.030,.362,.341,.021,4.34,5.23,-0.89
Sobotka, Chad,656977,2019,134,74,.250,.231,.019,.446,.419,.027,.354,.337,.017,6.21,5.09,1.12
Fulmer, Carson,608334,2019,133,85,.243,.226,.017,.411,.357,.054,.338,.330,.008,6.26,4.86,1.40
Jackson, Jay,543351,2019,132,65,.202,.212,-.010,.404,.412,-.008,.309,.319,-.010,4.45,4.50,-0.05
McRae, Alex,656725,2019,132,94,.319,.293,.026,.611,.557,.054,.424,.394,.030,8.78,7.36,1.42
Otero, Dan,519096,2019,131,111,.331,.311,.020,.528,.522,.006,.368,.356,.012,4.85,5.77,-0.92
Wendelken, J.B.,605525,2019,131,86,.178,.179,-.001,.297,.294,.003,.230,.234,-.004,3.58,2.37,1.21
Webb, Jacob,657097,2019,131,90,.205,.211,-.006,.376,.360,.016,.284,.280,.004,1.39,3.41,-2.02
Baez, Michel,673258,2019,131,86,.223,.225,-.002,.366,.364,.002,.296,.300,-.004,3.03,3.94,-0.91
Adams, Austin,613534,2019,130,60,.179,.175,.004,.330,.311,.019,.271,.263,.008,3.94,2.99,0.95
Wang, Wei-Chung,623913,2019,129,96,.239,.239,.000,.389,.421,-.032,.309,.320,-.011,3.77,4.53,-0.76
Allen, Logan,663531,2019,127,95,.330,.329,.001,.550,.550,.000,.401,.407,-.006,6.18,7.99,-1.81
Minaya, Juan,573668,2019,126,85,.277,.233,.044,.500,.387,.113,.361,.304,.057,3.90,4.05,-0.15
Adams, Chance,664856,2019,124,88,.351,.291,.060,.649,.533,.116,.440,.378,.062,8.53,6.66,1.87
Warren, Adam,476589,2019,124,86,.257,.265,-.008,.550,.519,.031,.366,.361,.005,5.34,5.97,-0.63
Thorpe, Lewis,626929,2019,124,83,.336,.277,.059,.531,.444,.087,.384,.328,.056,6.18,4.79,1.39
Noesi, Hector,456051,2019,124,85,.280,.252,.028,.589,.483,.106,.390,.347,.043,8.46,5.44,3.02
Stewart, Brock,592779,2019,124,94,.339,.272,.067,.734,.567,.167,.444,.371,.073,9.82,6.36,3.46
Guerrieri, Taylor,605260,2019,123,72,.263,.213,.050,.455,.355,.100,.372,.325,.047,5.81,4.69,1.12
Crichton, Stefan,592233,2019,123,80,.204,.253,-.049,.310,.414,-.104,.250,.310,-.060,3.56,4.23,-0.67
Boxberger, Brad,502202,2019,122,77,.243,.232,.011,.398,.363,.035,.326,.316,.010,5.40,4.41,0.99
Scott, Tanner,656945,2019,122,64,.277,.235,.042,.446,.380,.066,.363,.325,.038,4.78,4.69,0.09
Morgan, Adam,605388,2019,120,78,.187,.195,-.008,.346,.329,.017,.267,.265,.002,3.94,3.04,0.90
Burke, Brock,656271,2019,120,93,.286,.273,.013,.514,.474,.040,.367,.348,.019,7.43,5.48,1.95
Tarpley, Stephen,605501,2019,120,69,.330,.284,.046,.563,.497,.066,.413,.371,.042,6.93,6.36,0.57
Kela, Keone,605309,2019,119,74,.178,.203,-.025,.346,.355,-.009,.262,.276,-.014,2.12,3.31,-1.19
Ramirez, Yefry,606162,2019,119,72,.309,.264,.045,.515,.403,.112,.396,.348,.048,7.40,5.48,1.92
Cole, A.J.,595918,2019,118,80,.290,.241,.049,.486,.386,.100,.341,.286,.055,3.81,3.56,0.25
Dobnak, Randy,677976,2019,118,87,.245,.253,-.008,.300,.362,-.062,.264,.291,-.027,1.59,3.69,-2.10
Reyes, Gerardo,622103,2019,117,65,.240,.188,.052,.410,.322,.088,.312,.265,.047,7.62,3.04,4.58
Gagnon, Drew,543193,2019,117,91,.315,.304,.011,.676,.602,.074,.425,.399,.026,8.37,7.60,0.77
Johnson, DJ,597113,2019,116,70,.247,.238,.009,.355,.397,-.042,.328,.340,-.012,5.04,5.19,-0.15
Allen, Cody,592102,2019,116,66,.255,.266,-.011,.628,.636,-.008,.409,.416,-.007,6.26,8.45,-2.19
McKay, David,641853,2019,115,63,.206,.227,-.021,.351,.384,-.033,.299,.320,-.021,5.47,4.53,0.94
Jewell, Jake,657228,2019,114,80,.275,.274,.001,.559,.490,.069,.371,.354,.017,6.84,5.70,1.14
Coonrod, Sam,656322,2019,114,75,.202,.184,.018,.319,.311,.008,.294,.282,.012,3.58,3.46,0.12
Montero, Rafael,606160,2019,113,72,.217,.241,-.024,.406,.470,-.064,.283,.316,-.033,2.48,4.41,-1.93
Hall, Matt,664180,2019,113,70,.289,.257,.032,.464,.459,.005,.364,.347,.017,7.71,5.44,2.27
Ramirez, Neil,519166,2019,112,73,.274,.266,.008,.558,.526,.032,.380,.370,.010,5.40,6.32,-0.92
Dowdy, Kyle,664871,2019,110,74,.295,.297,-.002,.477,.492,-.015,.377,.393,-.016,7.25,7.32,-0.07
Hicks, Jordan,663855,2019,110,67,.163,.167,-.004,.255,.258,-.003,.231,.237,-.006,3.14,2.43,0.71
Markel, Parker,571917,2019,110,66,.289,.273,.016,.567,.494,.073,.410,.383,.027,7.77,6.87,0.90
Dominguez, Seranthony,622554,2019,110,68,.250,.221,.029,.385,.324,.061,.316,.284,.032,4.01,3.51,0.50
Fillmyer, Heath,641571,2019,109,79,.308,.295,.013,.560,.517,.043,.394,.385,.009,8.06,6.96,1.10
Manaea, Sean,640455,2019,109,70,.160,.220,-.060,.280,.375,-.095,.224,.287,-.063,1.21,3.59,-2.38
Stewart, Kohl,640464,2019,109,90,.290,.321,-.031,.520,.538,-.018,.363,.382,-.019,6.39,6.83,-0.44
Shoemaker, Matt,533167,2019,108,74,.163,.252,-.089,.306,.491,-.185,.239,.338,-.099,1.57,5.12,-3.55
Sadzeck, Connor,592712,2019,107,63,.200,.212,-.012,.344,.398,-.054,.296,.319,-.023,2.66,4.50,-1.84
Duke, Zach,435043,2019,106,68,.250,.278,-.028,.452,.446,.006,.360,.372,-.012,5.01,6.40,-1.39
Smith, Burch,572143,2019,106,71,.289,.260,.029,.467,.456,.011,.361,.346,.015,5.48,5.41,0.07
Estrada, Marco,462136,2019,106,84,.242,.223,.019,.537,.497,.040,.354,.334,.020,6.85,4.99,1.86
Anderson, Tyler,542881,2019,106,72,.363,.323,.040,.736,.617,.119,.464,.415,.049,11.76,8.39,3.37
Strickland, Hunter,519326,2019,105,76,.237,.246,-.009,.495,.477,.018,.336,.339,-.003,5.55,5.16,0.39
Nelson, Jimmy,519076,2019,105,60,.291,.284,.007,.547,.489,.058,.403,.384,.019,6.95,6.91,0.04
Anderson, Tanner,664196,2019,105,79,.309,.283,.026,.454,.520,-.066,.342,.352,-.010,6.04,5.62,0.42
Stashak, Cody,664054,2019,104,77,.287,.256,.031,.475,.503,-.028,.320,.314,.006,3.24,4.35,-1.11
Shawaryn, Mike,642067,2019,103,56,.310,.252,.058,.560,.523,.037,.414,.379,.035,9.74,6.70,3.04
Lockett, Walker,621141,2019,103,80,.347,.311,.036,.611,.516,.095,.416,.368,.048,8.34,6.24,2.10
Bashlor, Tyler,641341,2019,103,66,.250,.250,.000,.488,.491,-.003,.357,.358,-.001,6.95,5.85,1.10
Payano, Pedro,622797,2019,103,70,.302,.319,-.017,.488,.504,-.016,.386,.401,-.015,5.73,7.69,-1.96
Lakins, Travis,664042,2019,102,73,.258,.252,.006,.404,.416,-.012,.311,.327,-.016,3.86,4.76,-0.90
Zimmer, Kyle,622092,2019,102,65,.337,.287,.050,.530,.466,.064,.422,.383,.039,10.80,6.87,3.93
Festa, Matt,670036,2019,101,65,.241,.245,-.004,.530,.466,.064,.355,.344,.011,5.64,5.33,0.31
Skoglund, Eric,607215,2019,101,87,.337,.346,-.009,.618,.672,-.054,.414,.446,-.032,9.00,10.15,-1.15
Fairbanks, Peter,664126,2019,99,61,.281,.277,.004,.528,.470,.058,.368,.349,.019,6.86,5.51,1.35
Gustave, Jandel,594311,2019,99,76,.209,.288,-.079,.291,.426,-.135,.248,.331,-.083,2.96,4.89,-1.93
Zeuch, T.J.,643615,2019,99,68,.250,.304,-.054,.398,.510,-.112,.316,.377,-.061,4.76,6.61,-1.85
Cabrera, Genesis,650893,2019,99,67,.274,.266,.008,.393,.433,-.040,.332,.343,-.011,4.87,5.30,-0.43
Davis, Austin,656354,2019,98,57,.272,.263,.009,.531,.463,.068,.389,.369,.020,6.53,6.28,0.25
Munoz, Andres,662253,2019,97,56,.188,.215,-.027,.329,.380,-.051,.268,.299,-.031,3.91,3.91,0.00
Lovelady, Richard,663992,2019,96,70,.353,.249,.104,.541,.346,.195,.393,.295,.098,7.65,3.80,3.85
Kimbrel, Craig,518886,2019,96,52,.259,.270,-.011,.654,.606,.048,.410,.403,.007,6.53,7.79,-1.26
Koch, Matt,571863,2019,96,78,.333,.341,-.008,.701,.674,.027,.447,.439,.008,9.15,9.73,-0.58
Smith, Joe,501925,2019,96,69,.209,.209,.000,.319,.333,-.014,.245,.249,-.004,1.80,2.68,-0.88
Ginkel, Kevin,656464,2019,96,58,.174,.208,-.034,.279,.336,-.057,.236,.273,-.037,1.48,3.23,-1.75
McClain, Reggie,596035,2019,95,71,.268,.310,-.042,.427,.439,-.012,.344,.368,-.024,6.00,6.24,-0.24
Tuivailala, Sam,592815,2019,95,54,.163,.195,-.032,.263,.326,-.063,.251,.283,-.032,2.35,3.48,-1.13
Faria, Jake,607188,2019,95,63,.346,.288,.058,.617,.488,.129,.433,.382,.051,6.75,6.83,-0.08
Clase, Emmanuel,661403,2019,94,66,.230,.241,-.011,.391,.360,.031,.289,.288,.001,2.31,3.61,-1.30
Rosscup, Zac,573127,2019,94,49,.293,.213,.080,.427,.317,.110,.377,.315,.062,5.00,4.38,0.62
Wilson, Bryse,669060,2019,93,67,.321,.283,.038,.654,.509,.145,.426,.361,.065,7.20,5.97,1.23
Scott, Tayler,605463,2019,93,64,.397,.330,.067,.679,.517,.162,.486,.413,.073,14.33,8.29,6.04
Winkler, Dan,595465,2019,93,59,.222,.244,-.022,.481,.504,-.023,.337,.355,-.018,4.98,5.74,-0.76
Sneed, Cy,605482,2019,93,65,.299,.252,.047,.529,.440,.089,.360,.307,.053,5.48,4.14,1.34
Wright, Kyle,657140,2019,93,61,.304,.295,.009,.557,.541,.016,.401,.392,.009,8.69,7.27,1.42
Tate, Dillon,622253,2019,93,59,.231,.225,.006,.385,.341,.044,.320,.304,.016,6.43,4.05,2.38
Martin, Corbin,656686,2019,92,61,.288,.254,.034,.650,.472,.178,.419,.350,.069,5.59,5.55,0.04
Sipp, Tony,448609,2019,92,64,.241,.251,-.010,.329,.402,-.073,.282,.336,-.054,4.71,5.06,-0.35
Tepera, Ryan,572193,2019,91,69,.250,.271,-.021,.513,.489,.024,.329,.339,-.010,4.98,5.16,-0.18
Adam, Jason,592094,2019,91,60,.200,.191,.009,.293,.317,-.024,.265,.276,-.011,2.91,3.31,-0.40
Howard, Sam,607572,2019,91,55,.276,.242,.034,.513,.393,.120,.379,.326,.053,6.63,4.73,1.90
Boshers, Buddy,542953,2019,91,54,.253,.204,.049,.430,.317,.113,.333,.272,.061,4.05,3.21,0.84
DuRapau, Montana,657566,2019,90,57,.342,.295,.047,.595,.461,.134,.424,.364,.060,9.35,6.08,3.27
Mayers, Mike,594577,2019,89,60,.276,.312,-.036,.513,.531,-.018,.370,.395,-.025,6.63,7.41,-0.78
Staumont, Josh,622251,2019,88,62,.273,.294,-.021,.506,.531,-.025,.363,.379,-.016,3.72,6.70,-2.98
Chargois, JT,608638,2019,88,53,.273,.232,.041,.506,.409,.097,.327,.287,.040,6.33,3.59,2.74
Bolanos, Ronald,671790,2019,88,56,.230,.288,-.058,.459,.441,.018,.338,.362,-.024,5.95,6.00,-0.05
Oh, Seunghwan,493200,2019,88,66,.354,.340,.014,.585,.594,-.009,.411,.408,.003,9.33,8.04,1.29
Hildenberger, Trevor,657610,2019,88,63,.395,.317,.078,.579,.482,.097,.432,.378,.054,10.47,6.66,3.81
Burr, Ryan,621114,2019,86,58,.227,.212,.015,.413,.344,.069,.297,.292,.005,4.58,3.72,0.86
Thornburg, Tyler,592804,2019,86,53,.280,.246,.034,.600,.597,.003,.399,.386,.013,7.71,7.00,0.71
Bergen, Travis,664157,2019,85,57,.240,.301,-.061,.493,.572,-.079,.336,.391,-.055,5.49,7.23,-1.74
Rosenthal, Trevor,572096,2019,85,38,.208,.248,-.040,.226,.361,-.135,.366,.411,-.045,13.50,8.19,5.31
Harvey, Joe,642840,2019,84,52,.265,.237,.028,.441,.358,.083,.361,.343,.018,5.00,5.30,-0.30
Marvel, James,621086,2019,84,67,.338,.309,.029,.622,.456,.166,.424,.356,.068,8.31,5.77,2.54
Rodriguez, Jose,642578,2019,84,60,.233,.270,-.037,.452,.487,-.035,.334,.361,-.027,2.75,5.97,-3.22
Shepherd, Chandler,605469,2019,84,59,.303,.290,.013,.566,.516,.050,.389,.366,.023,6.63,6.16,0.47
Sherfy, Jimmie,642073,2019,83,55,.303,.271,.032,.513,.462,.051,.364,.331,.033,5.89,4.89,1.00
Hammer, JD,670456,2019,82,56,.217,.288,-.071,.377,.487,-.110,.315,.376,-.061,3.79,6.57,-2.78
Palumbo, Joe,643478,2019,81,50,.300,.278,.022,.686,.583,.103,.435,.394,.041,9.18,7.36,1.82
Wilkerson, Aaron,658792,2019,80,60,.357,.267,.090,.586,.407,.179,.417,.322,.095,7.31,4.60,2.71
Sewald, Paul,623149,2019,80,54,.243,.233,.010,.446,.409,.037,.301,.295,.006,4.58,3.80,0.78
Adams, Austin,542866,2019,80,53,.273,.253,.020,.530,.522,.008,.379,.380,-.001,7.02,6.74,0.28
Hernandez, Jonathan,642546,2019,78,46,.219,.253,-.034,.375,.416,-.041,.317,.345,-.028,4.32,5.37,-1.05
Neshek, Pat,450212,2019,78,68,.303,.328,-.025,.539,.591,-.052,.347,.379,-.032,5.00,6.70,-1.70
Edwards Jr., Carl,605218,2019,78,45,.190,.246,-.056,.349,.458,-.109,.304,.361,-.057,8.47,5.97,2.50
Garrett, Reed,657585,2019,77,53,.381,.311,.070,.651,.623,.028,.475,.435,.040,8.22,9.49,-1.27
Romano, Sal,607219,2019,77,52,.328,.278,.050,.627,.509,.118,.418,.374,.044,7.71,6.49,1.22
McGowin, Kyle,641851,2019,76,53,.319,.308,.011,.652,.599,.053,.411,.384,.027,10.13,6.91,3.22
Alexander, Scott,518397,2019,76,59,.250,.304,-.054,.412,.462,-.050,.308,.351,-.043,3.63,5.59,-1.96
Armenteros, Rogelio,660494,2019,75,52,.243,.249,-.006,.314,.337,-.023,.267,.277,-.010,4.00,3.33,0.67
Dunn, Mike,445197,2019,75,54,.262,.224,.038,.523,.415,.108,.332,.297,.035,7.13,3.86,3.27
Valdez, Phillips,570488,2019,75,46,.270,.249,.021,.444,.398,.046,.351,.328,.023,3.94,4.79,-0.85
Romano, Jordan,605447,2019,75,41,.274,.279,-.005,.484,.472,.012,.380,.380,.000,7.63,6.74,0.89
Volquez, Edinson,450172,2019,75,53,.317,.310,.007,.508,.491,.017,.399,.392,.007,6.75,7.27,-0.52
Mazza, Chris,607391,2019,74,54,.328,.320,.008,.500,.501,-.001,.383,.389,-.006,5.51,7.14,-1.63
Grotz, Zac,665093,2019,73,46,.222,.255,-.033,.270,.317,-.047,.261,.297,-.036,4.15,3.86,0.29
Williams, Taylor,592865,2019,73,49,.344,.301,.043,.453,.438,.015,.373,.352,.021,9.82,5.62,4.20
Menez, Conner,669214,2019,73,39,.220,.197,.023,.458,.394,.064,.341,.327,.014,5.29,4.76,0.53
Gomez, Jeanmar,491646,2019,73,56,.359,.312,.047,.563,.475,.088,.403,.367,.036,8.22,6.20,2.02
Romero, Fernando,622864,2019,72,42,.317,.265,.052,.483,.430,.053,.390,.351,.039,7.07,5.59,1.48
Rogers, Tyler,643511,2019,71,50,.185,.180,.005,.231,.233,-.002,.214,.215,-.001,1.02,2.01,-0.99
Alaniz, R.J.,595798,2019,71,51,.302,.272,.030,.524,.456,.068,.370,.346,.024,9.19,5.41,3.78
Dull, Ryan,623430,2019,71,48,.410,.331,.079,.820,.705,.115,.516,.444,.072,12.79,10.03,2.76
Black, Ray,605143,2019,70,42,.233,.280,-.047,.517,.594,-.077,.359,.405,-.046,5.06,7.89,-2.83
Flexen, Chris,623167,2019,70,47,.268,.250,.018,.429,.400,.029,.350,.345,.005,6.59,5.37,1.22
Ramos, Edubray,591693,2019,69,50,.311,.266,.045,.623,.514,.109,.413,.360,.053,5.40,5.93,-0.53
Lucas, Josh,572998,2019,69,46,.237,.235,.002,.373,.375,-.002,.288,.299,-.011,5.74,3.91,1.83
Rogers, Josh,642028,2019,69,54,.305,.307,-.002,.712,.716,-.004,.452,.455,-.003,8.79,10.72,-1.93
Bradford, Chasen,607473,2019,69,54,.266,.277,-.011,.594,.506,.088,.362,.341,.021,4.86,5.23,-0.37
Despaigne, Odrisamer,628333,2019,68,53,.407,.365,.042,.678,.591,.087,.471,.432,.039,9.45,9.32,0.13
Williams, Devin,642207,2019,67,45,.310,.226,.084,.500,.387,.113,.381,.306,.075,3.95,4.11,-0.16
Cueto, Johnny,456501,2019,67,45,.196,.214,-.018,.446,.429,.017,.318,.321,-.003,5.06,4.57,0.49
Tropeano, Nick,607374,2019,66,48,.316,.327,-.011,.667,.619,.048,.430,.420,.010,9.88,8.66,1.22
Rios, Yacksel,605441,2019,65,42,.314,.314,.000,.627,.588,.039,.426,.430,-.004,6.92,9.20,-2.28
Bird, Kyle,613317,2019,65,38,.229,.255,-.026,.542,.539,.003,.411,.422,-.011,7.82,8.76,-0.94
Miller, Justin,502522,2019,65,48,.276,.248,.028,.534,.502,.032,.367,.342,.025,4.02,5.26,-1.24
Suter, Brent,608718,2019,65,49,.156,.194,-.038,.266,.293,-.027,.182,.216,-.034,0.49,2.03,-1.54
Santana, Ervin,429722,2019,64,53,.339,.318,.021,.821,.742,.079,.472,.467,.005,9.45,11.52,-2.07
Altavilla, Dan,656186,2019,64,34,.180,.162,.018,.280,.265,.015,.277,.267,.010,5.52,3.09,2.43
Gibaut, Ian,664139,2019,64,37,.235,.264,-.029,.373,.411,-.038,.315,.352,-.037,5.65,5.62,0.03
Smith, Josh D.,605479,2019,64,36,.224,.174,.050,.347,.303,.044,.322,.292,.030,6.39,3.72,2.67
Kay, Anthony,641743,2019,63,44,.263,.287,-.024,.316,.418,-.102,.290,.335,-.045,5.79,5.02,0.77
Rosario, Randy,600968,2019,63,45,.259,.266,-.007,.431,.414,.017,.318,.316,.002,4.40,4.41,-0.01
Cobb, Alex,502171,2019,60,50,.362,.410,-.048,.914,.936,-.022,.517,.543,-.026,10.95,18.20,-7.25
Alzolay, Adbert,640470,2019,60,37,.260,.263,-.003,.540,.466,.074,.387,.366,.021,7.30,6.16,1.14
Schreiber, John,670167,2019,59,35,.296,.246,.050,.481,.403,.078,.355,.309,.046,6.23,4.20,2.03
Steckenrider, Drew,608716,2019,58,38,.173,.217,-.044,.519,.599,-.080,.318,.366,-.048,6.28,6.16,0.12
Blackburn, Paul,621112,2019,57,44,.380,.375,.005,.660,.600,.060,.445,.428,.017,10.64,9.09,1.55
Wilson, Alex,543935,2019,57,35,.313,.272,.041,.563,.458,.105,.402,.351,.051,9.53,5.59,3.94
Stock, Robert,476594,2019,56,32,.298,.254,.044,.489,.447,.042,.386,.352,.034,10.13,5.62,4.51
Fernandez, Junior,658551,2019,54,28,.205,.230,-.025,.341,.350,-.009,.315,.322,-.007,5.40,4.60,0.80
Maples, Dillon,596027,2019,54,22,.150,.161,-.011,.300,.297,.003,.317,.320,-.003,5.40,4.53,0.87
Lyons, Tyler,544928,2019,54,31,.271,.249,.022,.604,.506,.098,.380,.340,.040,6.39,5.19,1.20
Neverauskas, Dovydas,596720,2019,53,34,.349,.327,.022,.628,.648,-.020,.439,.442,-.003,10.61,9.90,0.71
Yardley, Eric,642233,2019,52,41,.261,.230,.031,.348,.321,.027,.293,.272,.021,2.31,3.21,-0.90
Webster, Allen,543903,2019,52,37,.304,.283,.021,.500,.553,-.053,.363,.377,-.014,4.91,6.61,-1.70
Dayton, Grant,594795,2019,51,33,.255,.198,.057,.511,.409,.102,.343,.283,.060,3.00,3.48,-0.48
Guilbeau, Taylor,607555,2019,51,40,.213,.266,-.053,.383,.442,-.059,.272,.317,-.045,3.65,4.44,-0.79
Davis, Rookie,606959,2019,51,33,.300,.256,.044,.625,.478,.147,.420,.356,.064,6.75,5.77,0.98
Underwood Jr., Duane,621249,2019,51,34,.277,.233,.044,.532,.394,.138,.359,.292,.067,5.40,3.72,1.68
Eades, Ryan,592280,2019,50,33,.256,.315,-.059,.465,.609,-.144,.352,.424,-.072,2.38,8.87,-6.49
Bautista, Gerson,639373,2019,49,33,.333,.300,.033,.590,.483,.107,.429,.390,.039,11.00,7.18,3.82
Venters, Jonny,458924,2019,49,25,.324,.303,.021,.595,.535,.060,.451,.427,.024,12.38,9.04,3.34
Abad, Fernando,472551,2019,49,37,.196,.192,.004,.326,.305,.021,.246,.237,.009,4.15,2.43,1.72
Jimenez, Eduardo,621592,2019,49,36,.273,.272,.001,.432,.465,-.033,.334,.351,-.017,5.91,5.59,0.32
Carle, Shane,641438,2019,49,31,.297,.317,-.020,.676,.666,.010,.457,.464,-.007,9.64,11.31,-1.67
Poyner, Bobby,596074,2019,49,32,.233,.268,-.035,.465,.555,-.090,.334,.378,-.044,6.94,6.66,0.28
Farrell, Luke,608652,2019,48,33,.136,.164,-.028,.386,.410,-.024,.232,.261,-.029,2.70,2.95,-0.25
Severino, Luis,622663,2019,48,24,.146,.171,-.025,.171,.255,-.084,.217,.251,-.034,1.50,2.73,-1.23
Bednar, David,670280,2019,48,29,.250,.226,.024,.550,.424,.126,.357,.310,.047,6.55,4.23,2.32
Jerez, Williams,605301,2019,48,30,.308,.307,.001,.564,.586,-.022,.420,.428,-.008,4.35,9.09,-4.74
Musgrave, Harrison,643466,2019,47,28,.231,.249,-.018,.308,.379,-.071,.282,.314,-.032,3.60,4.35,-0.75
Puk, A.J.,640462,2019,47,29,.238,.175,.063,.333,.225,.108,.289,.228,.061,3.18,2.25,0.93
Jones, Nate,518858,2019,47,29,.256,.224,.032,.410,.291,.119,.341,.290,.051,3.48,3.67,-0.19
Luzardo, Jesus,666200,2019,46,26,.119,.152,-.033,.238,.298,-.060,.194,.228,-.034,1.50,2.25,-0.75
Keller, Kyle,664918,2019,46,25,.139,.201,-.062,.389,.501,-.112,.316,.370,-.054,3.38,6.32,-2.94
Anderson, Cody,594736,2019,46,28,.333,.286,.047,.528,.485,.043,.425,.392,.033,9.35,7.27,2.08
De Los Santos, Enyel,660853,2019,46,32,.317,.305,.012,.610,.569,.041,.414,.394,.020,7.36,7.36,0.00
Del Pozo, Miguel,600887,2019,45,26,.286,.265,.021,.571,.554,.017,.404,.392,.012,10.61,7.27,3.34
Selman, Sam,572125,2019,44,26,.171,.210,-.039,.371,.407,-.036,.309,.338,-.029,4.35,5.12,-0.77
Norwood, James,656803,2019,44,25,.250,.245,.005,.417,.422,-.005,.351,.353,-.002,2.89,5.66,-2.77
Carasiti, Matt,571539,2019,43,28,.297,.226,.071,.514,.383,.131,.369,.297,.072,4.66,3.86,0.80
Kuhnel, Joel,669270,2019,42,28,.216,.193,.023,.324,.294,.030,.282,.264,.018,4.66,3.02,1.64
Morejon, Adrian,670970,2019,42,30,.385,.344,.041,.615,.561,.054,.435,.402,.033,10.13,7.74,2.39
Richards, Garrett,572070,2019,41,24,.294,.260,.034,.676,.541,.135,.433,.379,.054,8.31,6.70,1.61
Zamora, Daniel,623354,2019,41,27,.294,.229,.065,.471,.446,.025,.357,.326,.031,5.19,4.73,0.46
Schlitter, Brian,489295,2019,41,31,.324,.204,.120,.405,.276,.129,.347,.251,.096,3.72,2.73,0.99
Graterol, Brusdar,660813,2019,40,27,.278,.264,.014,.389,.364,.025,.296,.290,.006,4.66,3.67,0.99
Borucki, Ryan,621366,2019,40,28,.441,.358,.083,.794,.663,.131,.535,.459,.076,10.80,10.98,-0.18
Sborz, Josh,622250,2019,40,29,.286,.362,-.076,.571,.625,-.054,.375,.441,-.066,8.00,9.84,-1.84
Kelley, Trevor,665001,2019,40,29,.290,.277,.013,.613,.628,-.015,.370,.432,-.062,8.64,9.32,-0.68
Perez, Cionel,672335,2019,40,31,.289,.289,.000,.579,.496,.083,.371,.343,.028,10.00,5.30,4.70
Burdi, Nick,595897,2019,39,20,.297,.200,.097,.486,.335,.151,.343,.245,.098,9.35,2.60,6.75
Pazos, James,572021,2019,39,25,.200,.218,-.018,.314,.367,-.053,.252,.281,-.029,1.74,3.43,-1.69
Walker, Jeremy,668683,2019,38,28,.265,.251,.014,.353,.323,.030,.306,.289,.017,1.93,3.64,-1.71
Collins, Tim,525768,2019,38,31,.265,.281,-.016,.441,.452,-.011,.316,.340,-.024,3.12,5.19,-2.07
Scott, Robby,582494,2019,37,21,.276,.247,.029,.483,.440,.043,.386,.362,.024,4.91,6.00,-1.09
Vieira, Thyago,600986,2019,37,24,.344,.324,.020,.375,.500,-.125,.361,.392,-.031,9.00,7.27,1.73
Petricka, Jake,502593,2019,36,27,.207,.235,-.028,.310,.294,.016,.277,.311,-.034,3.38,4.26,-0.88
Poppen, Sean,664092,2019,36,22,.323,.281,.042,.581,.494,.087,.414,.367,.047,7.56,6.20,1.36
Edwards, Jon,457754,2019,36,23,.179,.310,-.131,.464,.665,-.201,.355,.463,-.108,2.25,11.25,-9.00
Guerra, Javy,642770,2019,36,27,.219,.246,-.027,.563,.550,.013,.335,.347,-.012,5.19,5.44,-0.25
Diehl, Phillip,670426,2019,35,24,.313,.308,.005,.563,.586,-.023,.389,.400,-.011,7.36,7.65,-0.29
Peterson, Tim,623402,2019,35,24,.259,.289,-.030,.407,.458,-.051,.364,.392,-.028,4.91,7.27,-2.36
Nogosek, Stephen,668665,2019,34,26,.387,.334,.053,.645,.563,.082,.431,.381,.050,10.80,6.78,4.02
Oswalt, Corey,621261,2019,34,23,.321,.280,.041,.571,.491,.080,.416,.373,.043,12.15,6.45,5.70
Pounders, Brooks,572044,2019,34,26,.300,.289,.011,.500,.478,.022,.364,.353,.011,6.14,5.66,0.48
Ramirez, JC,500724,2019,34,28,.250,.295,-.045,.531,.500,.031,.338,.351,-.013,4.50,5.59,-1.09
Moore, Matt,519043,2019,33,23,.094,.205,-.111,.094,.306,-.212,.100,.236,-.136,0.00,2.41,-2.41
St. John, Locke,657766,2019,33,24,.241,.241,.000,.345,.322,.023,.300,.299,.001,5.40,3.91,1.49
Robertson, David,502085,2019,33,21,.296,.281,.015,.444,.463,-.019,.379,.374,.005,5.40,6.49,-1.09
Garcia, Bryan,650530,2019,33,21,.321,.220,.101,.500,.371,.129,.386,.304,.082,12.15,4.05,8.10
Middleton, Keynan,641871,2019,33,20,.154,.236,-.082,.231,.445,-.214,.273,.371,-.098,1.17,6.36,-5.19
Wright, Steven,453214,2019,33,23,.407,.372,.035,.778,.684,.094,.503,.468,.035,8.53,11.59,-3.06
Speier, Gabe,642100,2019,33,17,.185,.225,-.040,.444,.508,-.064,.333,.368,-.035,7.36,6.24,1.12
Huang, Wei-Chieh,658791,2019,32,24,.308,.334,-.026,.462,.568,-.106,.391,.435,-.044,3.18,9.49,-6.31
Hoyt, James,624586,2019,32,20,.200,.248,-.048,.467,.475,-.008,.294,.315,-.021,2.16,4.38,-2.22
Jennings, Dan,543359,2019,32,15,.333,.279,.054,.458,.448,.010,.407,.386,.021,13.50,7.00,6.50
Abreu, Bryan,650556,2019,32,16,.138,.202,-.064,.172,.255,-.083,.184,.246,-.062,1.04,2.62,-1.58
Garcia, Rico,670329,2019,30,23,.360,.337,.023,.840,.642,.198,.518,.455,.063,10.50,10.72,-0.22
Rhame, Jacob,642008,2019,30,16,.150,.191,-.041,.400,.406,-.006,.365,.384,-.019,4.26,6.91,-2.65
Anderson, Drew,623454,2019,30,18,.250,.301,-.051,.375,.399,-.024,.323,.353,-.030,7.50,5.66,1.84
Dunn, Justin,643290,2019,30,16,.105,.148,-.043,.105,.166,-.061,.265,.314,-.049,2.70,4.35,-1.65
Sulser, Cole,642121,2019,29,17,.192,.120,.072,.231,.204,.027,.233,.191,.042,0.00,1.61,-1.61
Moran, Brian,572383,2019,29,15,.250,.202,.048,.500,.422,.078,.349,.299,.050,4.26,3.91,0.35
Hart, Donnie,643354,2019,29,22,.160,.236,-.076,.160,.402,-.242,.198,.321,-.123,0.00,4.57,-4.57
Torres, Carlos,448614,2019,29,19,.333,.301,.032,.593,.482,.111,.404,.351,.053,7.50,5.59,1.91
Feierabend, Ryan,456387,2019,29,24,.393,.302,.091,.679,.476,.203,.452,.334,.118,11.12,4.99,6.13
Escobar, Luis,650813,2019,29,22,.455,.373,.082,.682,.597,.085,.498,.462,.036,7.94,11.18,-3.24
Diaz, Miguel,622766,2019,29,22,.346,.293,.053,.654,.483,.171,.439,.366,.073,7.11,6.16,0.95
Heller, Ben,621294,2019,28,16,.250,.233,.017,.417,.439,-.022,.308,.310,-.002,1.23,4.23,-3.00
Santana, Dennis,642701,2019,27,15,.300,.243,.057,.550,.357,.193,.413,.358,.055,7.20,5.85,1.35
Guduan, Reymin,594056,2019,27,17,.364,.310,.054,.818,.814,.004,.492,.504,-.012,11.81,14.39,-2.58
Hahn, Jesse,534910,2019,27,14,.333,.290,.043,.571,.581,-.010,.435,.424,.011,13.50,8.87,4.63
Gregerson, Luke,502381,2019,27,24,.423,.277,.146,.500,.375,.125,.406,.288,.118,7.94,3.61,4.33
Blazek, Michael,518468,2019,26,21,.286,.287,-.001,.476,.610,-.134,.388,.428,-.040,7.20,9.09,-1.89
Wotherspoon, Matt,642226,2019,26,21,.435,.486,-.051,.739,.751,-.012,.511,.540,-.029,15.43,17.87,-2.44
Harvey, Hunter,640451,2019,26,11,.136,.193,-.057,.409,.288,.121,.286,.273,.013,1.42,3.23,-1.81
Herget, Jimmy,623474,2019,26,23,.348,.348,.000,.696,.555,.141,.456,.413,.043,4.26,8.29,-4.03
Rodgers, Brady,572086,2019,25,18,.318,.336,-.018,.909,.806,.103,.511,.486,.025,16.20,12.92,3.28
Karns, Nate,501992,2019,25,16,.333,.261,.072,.381,.296,.085,.369,.314,.055,0.00,4.35,-4.35
Reed, Cody,642003,2019,25,17,.250,.221,.029,.250,.246,.004,.218,.205,.013,1.42,1.84,-0.42
Fernandez, Jose Manuel,622774,2019,23,15,.375,.242,.133,.688,.439,.249,.476,.373,.103,17.18,6.45,10.73
Walsh, Jared,665120,2019,23,12,.176,.168,.008,.176,.204,-.028,.293,.301,-.008,1.80,3.97,-2.17
Avila, Pedro,658648,2019,23,15,.200,.186,.014,.200,.215,-.015,.243,.242,.001,1.69,2.53,-0.84
Schultz, Jaime,621289,2019,22,16,.316,.265,.051,.579,.487,.092,.412,.358,.054,7.20,5.85,1.35
White, Tyler,643603,2019,22,15,.438,.270,.168,1.375,.741,.634,.676,.453,.223,21.60,10.59,11.01
Murphy, John Ryan,571974,2019,22,19,.526,.433,.093,1.158,.951,.207,.683,.578,.105,27.00,22.52,4.48
Karinchak, James,675916,2019,22,13,.150,.221,-.071,.200,.318,-.118,.166,.245,-.079,1.69,2.60,-0.91
Wilkerson, Stevie,592859,2019,22,21,.273,.288,-.015,.591,.550,.041,.350,.346,.004,6.75,5.41,1.34
De Leon, Jose,592254,2019,21,9,.188,.171,.017,.188,.232,-.044,.271,.276,-.005,2.25,3.31,-1.06
Mendez, Yohander,622795,2019,21,8,.250,.227,.023,.625,.549,.076,.432,.405,.027,5.79,7.89,-2.10
Warren, Art,605521,2019,21,14,.105,.265,-.160,.105,.351,-.246,.149,.304,-.155,0.00,4.05,-4.05
O'Day, Darren,503285,2019,21,13,.158,.263,-.105,.316,.423,-.107,.241,.324,-.083,1.69,4.66,-2.97
Moore, Andrew,621058,2019,20,17,.316,.280,.036,.737,.548,.189,.437,.354,.083,7.71,5.70,2.01
Franco, Enderson,575070,2019,20,15,.211,.154,.057,.421,.308,.113,.279,.209,.070,3.38,1.91,1.47
Carpenter, David,502304,2019,19,13,.267,.423,-.156,.400,.612,-.212,.365,.492,-.127,5.40,13.39,-7.99
Montgomery, Jordan,656756,2019,19,14,.368,.359,.009,.684,.652,.032,.432,.417,.015,6.75,8.50,-1.75
Venditte, Pat,519381,2019,19,12,.286,.206,.080,.500,.410,.090,.426,.374,.052,16.20,6.49,9.71
Quinn, Roman,596451,2019,19,15,.438,.468,-.030,.500,.571,-.071,.434,.467,-.033,8.10,11.52,-3.42
Barrett, Jake,545332,2019,19,13,.353,.262,.091,.824,.639,.185,.497,.399,.098,14.73,7.60,7.13
Banda, Anthony,607455,2019,18,16,.333,.310,.023,.556,.571,-.015,.367,.364,.003,6.75,6.08,0.67
Brosseau, Michael,670712,2019,18,17,.294,.286,.008,.588,.372,.216,.380,.300,.080,4.50,3.94,0.56
Hultzen, Danny,543343,2019,18,10,.267,.286,-.019,.267,.365,-.098,.310,.349,-.039,0.00,5.51,-5.51
Hunter, Tommy,488984,2019,18,13,.111,.202,-.091,.111,.238,-.127,.097,.189,-.092,0.00,1.58,-1.58
Mella, Keury,622492,2019,18,12,.313,.197,.116,.438,.268,.170,.337,.226,.111,7.36,2.22,5.14
Ortiz, Luis,656814,2019,18,10,.308,.315,-.007,.846,.792,.054,.523,.515,.008,10.80,15.37,-4.57
Reyes, Alex,621052,2019,17,10,.200,.289,-.089,.500,.528,-.028,.409,.465,-.056,15.00,11.38,3.62
Milner, Hoby,571948,2019,17,12,.267,.239,.028,.467,.299,.168,.349,.286,.063,7.36,3.56,3.80
Gordon, Alex,460086,2019,17,15,.571,.325,.246,.786,.547,.239,.554,.410,.144,19.29,8.14,11.15
Vizcaino, Arodys,527055,2019,17,8,.214,.257,-.043,.571,.578,-.007,.379,.400,-.021,2.25,7.65,-5.40
Payamps, Joel,606303,2019,17,11,.308,.363,-.055,.308,.727,-.419,.347,.495,-.148,4.50,13.63,-9.13
Salazar, Danny,517593,2019,17,12,.286,.354,-.068,.786,.835,-.049,.473,.518,-.045,4.50,15.65,-11.15
Gilmartin, Sean,543219,2019,16,13,.500,.354,.146,1.000,.775,.225,.622,.496,.126,19.29,13.72,5.57
Arano, Victor,644364,2019,16,7,.154,.213,-.059,.385,.402,-.017,.262,.295,-.033,3.86,3.80,0.06
Barrett, Aaron,502578,2019,16,11,.417,.241,.176,.667,.303,.364,.511,.350,.161,15.43,5.55,9.88
Ynoa, Huascar,660623,2019,16,12,.400,.309,.091,.733,.584,.149,.480,.382,.098,18.00,6.83,11.17
Ramirez, Erasmo,541640,2019,15,12,.333,.373,-.040,.917,.896,.021,.527,.541,-.014,12.00,17.98,-5.98
Salas, Fernando,477569,2019,15,12,.533,.315,.218,.800,.450,.350,.558,.323,.235,6.75,4.63,2.12
Loup, Aaron,571901,2019,14,7,.182,.146,.036,.273,.182,.091,.250,.211,.039,0.00,1.94,-1.94
Mantiply, Joe,573009,2019,14,10,.250,.212,.038,.667,.465,.202,.409,.336,.073,9.00,5.06,3.94
Frare, Caleb,621350,2019,14,7,.200,.228,-.028,.500,.613,-.113,.398,.435,-.037,10.13,9.49,0.64
Garton, Ryan,623439,2019,14,12,.308,.362,-.054,.846,.985,-.139,.476,.548,-.072,12.00,18.75,-6.75
Martin, Russell,431145,2019,13,11,.154,.179,-.025,.231,.256,-.025,.161,.187,-.026,0.00,1.55,-1.55
Cedeno, Xavier,458584,2019,13,9,.400,.251,.149,.600,.374,.226,.463,.329,.134,0.00,4.82,-4.82
Pinto, Ricardo,620982,2019,13,11,.364,.360,.004,.727,.658,.069,.483,.458,.025,15.43,10.91,4.52
Owings, Chris,572008,2019,12,11,.545,.471,.074,1.182,1.036,.146,.700,.613,.087,21.60,28.01,-6.41
Slegers, Aaron,642083,2019,12,11,.273,.350,-.077,.545,.656,-.111,.367,.433,-.066,3.00,9.38,-6.38
Curtiss, John,595928,2019,12,8,.222,.192,.030,.333,.511,-.178,.346,.382,-.036,3.86,6.83,-2.97
Ford, Mike,645801,2019,12,11,.500,.405,.095,1.083,.734,.349,.642,.470,.172,22.50,11.73,10.77
Murphy, Tom,608596,2019,11,8,.125,.240,-.115,.250,.417,-.167,.173,.323,-.150,6.00,4.63,1.37
Perez, Hernan,541650,2019,11,8,.222,.289,-.067,.556,.556,.000,.381,.408,-.027,3.00,8.04,-5.04
Freeman, Sam,518693,2019,11,9,.333,.451,-.118,.667,.834,-.167,.460,.560,-.100,4.50,20.17,-15.67
Culberson, Charlie,518586,2019,10,7,.250,.305,-.055,.375,.617,-.242,.347,.445,-.098,0.00,10.09,-10.09
Shreve, Chasen,592741,2019,10,6,.250,.321,-.071,.500,.497,.003,.384,.414,-.030,9.00,8.34,0.66
Moore, Dylan,664238,2019,10,8,.625,.442,.183,.625,.606,.019,.573,.494,.079,36.00,13.55,22.45
Lail, Brady,621078,2019,10,7,.222,.305,-.083,.556,.513,.043,.350,.382,-.032,10.13,6.83,3.30
Rusin, Chris,543734,2019,9,8,.714,.568,.146,1.429,1.343,.086,.756,.672,.084,36.00,41.20,-5.20
King, Michael,650633,2019,9,8,.222,.125,.097,.222,.141,.081,.193,.118,.075,0.00,0.69,-0.69
Osuna, Jose,591741,2019,9,9,.333,.367,-.034,.667,.699,-.032,.409,.440,-.031,3.86,9.79,-5.93
Caratini, Victor,605170,2019,9,8,.250,.318,-.068,.625,.534,.091,.389,.395,-.006,9.00,7.41,1.59
Rumbelow, Nick,592705,2019,9,6,.375,.464,-.089,1.125,1.198,-.073,.604,.674,-.070,27.00,41.77,-14.77
Dixon, Brandon,641525,2019,9,6,.143,.285,-.142,.571,.712,-.141,.375,.472,-.097,9.00,11.87,-2.87
De Jong, Chase,608328,2019,9,6,.500,.437,.063,1.000,.841,.159,.639,.571,.068,36.00,21.57,14.43
Mathis, Jeff,425772,2019,9,8,.333,.328,.005,.667,.611,.056,.409,.382,.027,9.00,6.83,2.17
France, Ty,664034,2019,8,8,.250,.304,-.054,.625,.863,-.238,.351,.469,-.118,4.50,11.66,-7.16
Avila, Alex,488671,2019,8,6,.286,.160,.126,.286,.269,.017,.304,.233,.071,4.50,2.35,2.15
Urena, Richard,620446,2019,8,7,.571,.349,.222,1.143,.514,.629,.698,.401,.297,36.00,7.69,28.31
Arteaga, Humberto,600858,2019,8,7,.286,.388,-.102,.714,1.037,-.323,.438,.578,-.140,5.40,22.52,-17.12
Maile, Luke,571912,2019,8,4,.143,.068,.075,.143,.093,.050,.199,.143,.056,0.00,0.96,-0.96
Adrianza, Ehire,501303,2019,8,7,.625,.501,.124,1.125,1.021,.104,.713,.621,.092,27.00,29.47,-2.47
Hearn, Taylor,621368,2019,8,4,.750,.371,.379,1.000,.593,.407,.715,.555,.160,108.00,19.57,88.43
Freeman, Mike,502273,2019,8,8,.250,.215,.035,.750,.473,.277,.395,.268,.127,9.00,3.11,5.89
Diaz, Yennsy,660546,2019,7,3,.333,.231,.102,.333,.284,.049,.519,.491,.028,27.00,13.31,13.69
Williams, Austen,657117,2019,7,5,.833,.439,.394,2.167,1.136,1.031,1.125,.636,.489,162.00,32.45,129.55
Romine, Austin,519222,2019,7,7,.571,.448,.123,1.571,.969,.602,.852,.572,.280,27.00,21.71,5.29
Morales, Kendrys,434778,2019,7,4,.333,.421,-.088,.333,.467,-.134,.424,.475,-.051,9.00,12.09,-3.09
Alcala, Jorge,660896,2019,7,5,.167,.256,-.089,.167,.307,-.140,.223,.307,-.084,0.00,4.14,-4.14
Rosa, Adonis,650738,2019,7,5,.143,.209,-.066,.571,.615,-.044,.277,.332,-.055,4.50,4.92,-0.42
Alberto, Hanser,593643,2019,7,4,.250,.323,-.073,1.000,1.122,-.122,.577,.622,-.045,18.00,29.66,-11.66
Reynolds, Mark,448602,2019,7,5,.400,.129,.271,.400,.131,.269,.450,.270,.180,18.00,3.16,14.84
Davis, Taylor,543089,2019,6,6,.500,.483,.017,.500,.549,-.049,.435,.446,-.011,0.00,10.15,-10.15
Bourque, James,630263,2019,6,4,.750,.412,.338,1.250,.799,.451,.781,.567,.214,54.00,21.05,32.95
Kinsler, Ian,435079,2019,6,3,.333,.663,-.330,.333,.727,-.394,.495,.649,-.154,0.00,35.32,-35.32
Plawecki, Kevin,608700,2019,6,6,.000,.275,-.275,.000,.304,-.304,.000,.240,-.240,0.00,2.49,-2.49
Lively, Ben,594902,2019,6,5,.500,.462,.038,1.000,1.080,-.080,.613,.619,-.006,27.00,29.09,-2.09
Federowicz, Tim,543148,2019,6,6,.500,.482,.018,1.000,1.234,-.234,.613,.693,-.080,9.00,47.65,-38.65
O'Rourke, Ryan,594951,2019,6,2,.000,.075,-.075,.000,.101,-.101,.345,.384,-.039,0.00,6.91,-6.91
Guerra, Deolis,500610,2019,6,6,.800,.583,.217,1.400,.816,.584,.758,.518,.240,54.00,15.65,38.35
Barnette, Tony,501817,2019,5,5,.400,.260,.140,1.000,.604,.396,.562,.348,.214,6.75,5.48,1.27
Rondon, Jose,602922,2019,5,5,.400,.554,-.154,.400,.581,-.181,.348,.493,-.145,0.00,13.47,-13.47
Shuck, JB,543776,2019,5,4,.250,.179,.071,.250,.580,-.330,.312,.367,-.055,0.00,6.20,-6.20
Parra, Gerardo,467827,2019,5,1,1.000,.578,.422,1.000,.621,.379,.726,.653,.073,,36.27,
Descalso, Daniel,518614,2019,5,5,.400,.391,.009,1.200,1.017,.183,.631,.572,.059,18.00,21.71,-3.71
Ellis, Chris,595939,2019,5,4,.250,.363,-.113,.250,.395,-.145,.312,.392,-.080,0.00,7.27,-7.27
Dozier, Brian,572821,2019,5,5,.400,.190,.210,1.200,.618,.582,.631,.317,.314,18.00,4.44,13.56
Farmer, Kyle,571657,2019,5,5,.200,.304,-.104,.200,.387,-.187,.174,.298,-.124,0.00,3.89,-3.89
Baez, Sandy,622783,2019,5,5,.400,.177,.223,.600,.242,.358,.417,.172,.245,9.00,1.33,7.67
Martini, Nick,605361,2019,5,2,.000,.074,-.074,.000,.083,-.083,.276,.314,-.038,0.00,4.35,-4.35
Altherr, Aaron,571437,2019,5,3,.400,.300,.100,.600,.421,.179,.417,.302,.115,9.00,4.00,5.00
Zobrist, Ben,450314,2019,5,2,.000,.094,-.094,.000,.148,-.148,.276,.335,-.059,0.00,5.02,-5.02
Davis, Chris,448801,2019,5,4,.400,.460,-.060,1.200,1.178,.022,.631,.671,-.040,9.00,40.92,-31.92
Peraza, Jose,606299,2019,4,4,.250,.274,-.024,.250,.419,-.169,.218,.293,-.075,0.00,3.75,-3.75
Joseph, Caleb,543376,2019,4,4,.000,.185,-.185,.000,.208,-.208,.000,.179,-.179,0.00,1.43,-1.43
Rodriguez, Sean,446481,2019,4,3,.000,.160,-.160,.000,.219,-.219,.000,.157,-.157,0.00,1.13,-1.13
Nunez, Eduardo,456488,2019,4,4,.250,.335,-.085,1.000,.799,.201,.485,.457,.028,9.00,10.85,-1.85
Araujo, Pedro,606478,2019,4,3,.667,.554,.113,1.667,1.292,.375,.875,.724,.151,27.00,59.69,-32.69
Walker, Taijuan,592836,2019,4,3,.250,.278,-.028,.500,.569,-.069,.304,.358,-.054,0.00,5.85,-5.85
Desmond, Ian,435622,2019,4,4,.250,.280,-.030,.500,.349,.151,.304,.268,.036,0.00,3.11,-3.11
Castillo, Jose,620454,2019,4,0,.000,,,.000,,,.352,.352,.000,0.00,5.62,-5.62
Reed, AJ,607223,2019,3,3,.000,.119,-.119,.000,.220,-.220,.000,.154,-.154,0.00,1.09,-1.09
Sandoval, Pablo,467055,2019,3,2,.000,.190,-.190,.000,.241,-.241,.240,.340,-.100,0.00,5.19,-5.19
Sucre, Jesus,491696,2019,3,3,.000,.072,-.072,.000,.086,-.086,.000,.082,-.082,0.00,0.37,-0.37
Stallings, Jacob,607732,2019,3,3,.000,.081,-.081,.000,.085,-.085,.000,.078,-.078,0.00,0.35,-0.35
Ramsey, Matt,543677,2019,3,2,.000,.003,-.003,.000,.008,-.008,.000,.005,-.005,0.00,0,0.00
Robertson, Daniel,621002,2019,3,3,.333,.436,-.103,.333,.502,-.169,.290,.402,-.112,0.00,7.74,-7.74
Vasquez, Andrew,607755,2019,3,0,,,,,,,.700,.700,.000,,50.08,
Betances, Dellin,476454,2019,2,0,.000,,,.000,,,.000,.000,.000,0.00,0,0.00
Stassi, Max,545358,2019,1,1,.000,.310,-.310,.000,.342,-.342,.000,.346,-.346,0.00,5.41,-5.41
Gyorko, Jedd,576397,2019,1,0,.000,,,.000,,,.000,.000,.000,0.00,0,0.00
Holaday, Bryan,592407,2019,1,1,.000,.132,-.132,.000,.150,-.150,.000,.138,-.138,0.00,0.90,-0.90